ComplianceType,LastInspectionDate,NextInspectionDueDate,ComplianceStatus,Documentation
ISO,2024-06-05,2025-06-06,Non-Compliant,short.pdf
ISO,2025-01-11,2025-11-27,Non-Compliant,anything.pdf
JCI,2024-08-29,2026-02-16,Compliant,owner.pdf
FDA,2024-09-08,2026-02-12,Non-Compliant,friend.pdf
ISO,2025-02-03,2025-12-22,Non-Compliant,night.pdf
JCI,2024-09-23,2026-02-23,Non-Compliant,true.pdf
FDA,2024-09-12,2025-06-19,Compliant,base.pdf
JCI,2024-11-11,2026-02-18,Compliant,magazine.pdf
JCI,2024-08-23,2025-07-31,Compliant,official.pdf
JCI,2025-01-04,2026-01-23,Compliant,upon.pdf
FDA,2025-04-11,2025-08-15,Non-Compliant,like.pdf
JCI,2024-05-02,2026-01-28,Non-Compliant,institution.pdf
JCI,2025-02-24,2025-06-30,Compliant,glass.pdf
JCI,2024-11-24,2025-08-24,Compliant,act.pdf
ISO,2025-03-28,2025-06-29,Non-Compliant,subject.pdf
JCI,2024-09-28,2025-09-11,Non-Compliant,second.pdf
ISO,2024-07-24,2025-09-20,Non-Compliant,enough.pdf
ISO,2024-11-28,2025-05-19,Compliant,east.pdf
ISO,2025-04-12,2025-09-26,Compliant,pull.pdf
FDA,2025-03-30,2025-08-25,Compliant,while.pdf
JCI,2024-10-15,2025-06-20,Non-Compliant,body.pdf
FDA,2025-03-28,2025-11-25,Non-Compliant,recognize.pdf
JCI,2024-10-15,2025-11-15,Compliant,win.pdf
FDA,2024-12-29,2026-03-23,Non-Compliant,three.pdf
JCI,2024-08-17,2025-06-11,Non-Compliant,five.pdf
FDA,2024-06-19,2025-11-25,Non-Compliant,natural.pdf
JCI,2024-10-19,2026-02-02,Compliant,south.pdf
JCI,2024-10-06,2026-04-19,Compliant,American.pdf
FDA,2024-12-25,2025-05-29,Non-Compliant,worry.pdf
JCI,2024-10-19,2026-01-06,Non-Compliant,technology.pdf
FDA,2025-03-01,2025-11-12,Non-Compliant,base.pdf
ISO,2024-08-14,2025-05-10,Compliant,at.pdf
JCI,2025-03-02,2025-11-14,Compliant,number.pdf
ISO,2024-10-20,2025-06-28,Compliant,teach.pdf
JCI,2024-11-15,2025-05-15,Compliant,bed.pdf
FDA,2024-09-04,2025-09-01,Non-Compliant,approach.pdf
JCI,2024-07-07,2026-02-04,Non-Compliant,really.pdf
FDA,2025-03-02,2025-10-30,Compliant,star.pdf
FDA,2024-12-06,2025-08-06,Non-Compliant,worker.pdf
FDA,2025-02-03,2025-06-05,Non-Compliant,although.pdf
JCI,2024-10-22,2026-01-03,Non-Compliant,north.pdf
FDA,2025-01-29,2025-07-18,Non-Compliant,hair.pdf
ISO,2024-07-23,2026-03-05,Compliant,sort.pdf
FDA,2024-07-19,2026-04-14,Compliant,network.pdf
ISO,2024-07-03,2026-04-08,Compliant,talk.pdf
FDA,2024-10-19,2025-05-27,Non-Compliant,Democrat.pdf
ISO,2025-01-19,2025-05-31,Compliant,break.pdf
FDA,2025-02-21,2025-05-20,Non-Compliant,actually.pdf
FDA,2024-10-25,2025-06-20,Non-Compliant,fight.pdf
JCI,2024-12-08,2025-12-08,Non-Compliant,clearly.pdf
FDA,2025-02-22,2026-01-08,Compliant,provide.pdf
FDA,2025-01-03,2026-04-18,Compliant,experience.pdf
JCI,2025-04-20,2025-11-02,Non-Compliant,dream.pdf
ISO,2024-05-22,2025-05-30,Compliant,such.pdf
JCI,2024-12-03,2026-02-09,Non-Compliant,what.pdf
ISO,2024-08-16,2025-12-18,Compliant,factor.pdf
ISO,2024-10-07,2026-04-12,Compliant,receive.pdf
JCI,2025-03-03,2026-03-31,Compliant,develop.pdf
FDA,2024-11-15,2026-03-26,Non-Compliant,their.pdf
JCI,2025-03-16,2025-09-11,Compliant,while.pdf
JCI,2024-12-09,2025-10-12,Non-Compliant,feel.pdf
FDA,2024-11-11,2025-09-08,Compliant,draw.pdf
ISO,2025-04-20,2026-04-18,Non-Compliant,prepare.pdf
JCI,2024-12-26,2026-02-15,Compliant,well.pdf
JCI,2024-06-29,2025-06-21,Non-Compliant,sit.pdf
FDA,2025-02-26,2025-07-20,Non-Compliant,often.pdf
ISO,2024-09-23,2025-12-08,Non-Compliant,view.pdf
FDA,2024-04-30,2025-12-22,Compliant,a.pdf
FDA,2024-08-13,2026-04-25,Compliant,require.pdf
JCI,2025-04-08,2025-09-14,Compliant,attorney.pdf
ISO,2024-09-25,2026-02-14,Compliant,raise.pdf
JCI,2025-01-05,2025-08-19,Non-Compliant,when.pdf
JCI,2024-09-07,2026-02-25,Compliant,reality.pdf
FDA,2025-03-07,2025-09-24,Non-Compliant,rate.pdf
JCI,2025-01-29,2025-05-27,Non-Compliant,party.pdf
JCI,2024-04-29,2025-11-09,Compliant,ahead.pdf
JCI,2025-03-19,2026-03-10,Non-Compliant,describe.pdf
FDA,2025-02-12,2025-12-07,Compliant,almost.pdf
ISO,2025-04-20,2025-10-08,Non-Compliant,where.pdf
JCI,2024-08-25,2025-07-13,Compliant,while.pdf
JCI,2025-01-05,2025-06-04,Non-Compliant,business.pdf
FDA,2024-07-10,2025-05-24,Compliant,example.pdf
FDA,2025-04-20,2025-06-02,Compliant,my.pdf
ISO,2024-06-16,2025-07-06,Compliant,shake.pdf
FDA,2025-01-30,2026-02-19,Non-Compliant,smile.pdf
FDA,2024-10-28,2025-05-06,Compliant,safe.pdf
FDA,2025-03-03,2025-11-02,Non-Compliant,gun.pdf
FDA,2024-08-14,2026-01-05,Compliant,note.pdf
ISO,2024-05-21,2025-12-10,Compliant,remain.pdf
JCI,2024-12-12,2026-03-04,Compliant,concern.pdf
FDA,2024-11-11,2025-07-16,Non-Compliant,before.pdf
ISO,2024-12-30,2026-04-09,Compliant,scene.pdf
JCI,2024-06-24,2026-01-16,Compliant,project.pdf
ISO,2024-07-17,2025-09-21,Compliant,federal.pdf
FDA,2024-06-12,2026-04-16,Non-Compliant,mouth.pdf
FDA,2024-10-11,2025-10-19,Compliant,finally.pdf
JCI,2024-12-02,2026-01-02,Compliant,great.pdf
JCI,2024-12-14,2026-02-21,Non-Compliant,protect.pdf
JCI,2025-02-07,2026-03-12,Non-Compliant,pull.pdf
JCI,2024-10-18,2025-08-07,Non-Compliant,try.pdf
ISO,2025-04-22,2025-11-22,Non-Compliant,manage.pdf
JCI,2025-01-28,2026-03-30,Non-Compliant,represent.pdf
FDA,2025-01-01,2026-04-26,Compliant,pick.pdf
JCI,2025-03-10,2025-08-21,Non-Compliant,really.pdf
ISO,2025-01-05,2026-03-30,Compliant,hard.pdf
JCI,2024-11-05,2026-02-19,Compliant,new.pdf
JCI,2024-10-24,2025-06-21,Compliant,hot.pdf
FDA,2025-01-23,2025-05-09,Compliant,foot.pdf
ISO,2024-08-06,2025-07-15,Non-Compliant,force.pdf
FDA,2024-05-26,2025-12-01,Non-Compliant,mission.pdf
FDA,2024-11-13,2025-12-11,Non-Compliant,week.pdf
ISO,2024-05-01,2026-01-23,Compliant,chair.pdf
FDA,2025-03-07,2025-06-03,Compliant,factor.pdf
JCI,2024-07-08,2025-09-12,Compliant,them.pdf
ISO,2024-08-22,2026-01-16,Non-Compliant,five.pdf
JCI,2025-03-16,2026-02-14,Compliant,strong.pdf
FDA,2024-10-11,2025-11-30,Non-Compliant,bed.pdf
JCI,2024-10-29,2025-06-05,Compliant,feel.pdf
ISO,2024-08-01,2026-04-06,Non-Compliant,action.pdf
JCI,2024-12-10,2025-08-17,Non-Compliant,watch.pdf
ISO,2025-02-19,2025-07-18,Compliant,do.pdf
FDA,2025-02-12,2025-12-06,Non-Compliant,right.pdf
ISO,2024-05-30,2026-04-07,Compliant,care.pdf
FDA,2024-06-30,2026-03-19,Non-Compliant,argue.pdf
JCI,2024-10-06,2026-04-21,Compliant,him.pdf
JCI,2024-08-03,2025-07-28,Compliant,much.pdf
ISO,2024-08-31,2025-05-25,Compliant,mention.pdf
JCI,2024-11-16,2025-10-30,Compliant,democratic.pdf
FDA,2024-09-27,2025-12-22,Compliant,foot.pdf
FDA,2024-11-16,2025-12-18,Compliant,cause.pdf
FDA,2024-12-22,2025-09-14,Compliant,purpose.pdf
ISO,2024-05-13,2025-06-30,Compliant,table.pdf
FDA,2024-09-03,2025-11-12,Compliant,two.pdf
JCI,2025-02-04,2026-01-11,Non-Compliant,staff.pdf
JCI,2025-02-08,2026-01-26,Compliant,bit.pdf
JCI,2025-03-28,2025-12-13,Compliant,per.pdf
JCI,2024-11-03,2025-11-28,Compliant,feel.pdf
FDA,2024-09-19,2026-01-23,Compliant,agree.pdf
JCI,2024-07-02,2025-05-07,Compliant,season.pdf
FDA,2025-03-07,2025-12-03,Compliant,degree.pdf
ISO,2024-05-27,2025-09-23,Non-Compliant,around.pdf
ISO,2024-05-22,2025-07-16,Compliant,major.pdf
JCI,2024-09-01,2025-09-21,Compliant,minute.pdf
JCI,2024-08-29,2026-03-16,Non-Compliant,crime.pdf
ISO,2024-06-17,2025-10-20,Non-Compliant,all.pdf
JCI,2024-07-19,2025-12-26,Compliant,this.pdf
ISO,2024-12-10,2025-05-11,Compliant,tree.pdf
FDA,2024-12-19,2025-07-28,Non-Compliant,event.pdf
FDA,2024-08-23,2026-01-09,Compliant,these.pdf
ISO,2025-03-18,2026-01-27,Compliant,land.pdf
JCI,2024-08-22,2025-09-15,Non-Compliant,sometimes.pdf
FDA,2024-09-26,2026-03-08,Non-Compliant,one.pdf
JCI,2024-09-07,2025-05-29,Compliant,government.pdf
JCI,2025-01-10,2025-08-06,Compliant,stand.pdf
ISO,2024-11-14,2025-12-29,Compliant,hot.pdf
FDA,2025-02-17,2025-06-25,Non-Compliant,each.pdf
ISO,2025-04-20,2026-04-06,Compliant,fact.pdf
FDA,2024-12-30,2025-10-28,Compliant,check.pdf
FDA,2024-05-02,2026-03-13,Compliant,character.pdf
FDA,2024-10-25,2025-12-11,Non-Compliant,position.pdf
FDA,2025-04-18,2025-07-09,Compliant,easy.pdf
ISO,2024-12-10,2026-04-12,Non-Compliant,would.pdf
FDA,2024-12-19,2025-05-29,Compliant,goal.pdf
ISO,2025-04-18,2025-11-02,Non-Compliant,all.pdf
JCI,2024-12-30,2026-01-09,Non-Compliant,else.pdf
FDA,2024-11-13,2025-06-23,Compliant,owner.pdf
JCI,2025-01-19,2025-05-30,Compliant,throw.pdf
FDA,2024-10-06,2026-04-19,Non-Compliant,as.pdf
FDA,2024-08-02,2025-05-29,Compliant,just.pdf
FDA,2024-05-30,2026-01-02,Compliant,education.pdf
ISO,2024-06-04,2026-03-22,Non-Compliant,return.pdf
JCI,2025-02-23,2025-11-29,Non-Compliant,quickly.pdf
ISO,2025-03-09,2025-05-24,Compliant,authority.pdf
FDA,2024-12-05,2025-12-18,Compliant,interview.pdf
JCI,2024-12-14,2025-05-25,Non-Compliant,indicate.pdf
JCI,2024-12-06,2025-07-09,Non-Compliant,least.pdf
JCI,2024-07-20,2025-10-30,Compliant,specific.pdf
ISO,2024-07-13,2025-10-11,Compliant,seven.pdf
ISO,2025-01-15,2025-09-05,Compliant,nature.pdf
ISO,2024-10-10,2026-04-25,Compliant,might.pdf
ISO,2024-11-17,2025-11-27,Compliant,product.pdf
JCI,2024-05-24,2025-07-27,Non-Compliant,huge.pdf
FDA,2025-01-21,2026-01-12,Non-Compliant,cost.pdf
ISO,2024-11-03,2025-11-07,Non-Compliant,lose.pdf
ISO,2024-12-29,2025-06-22,Non-Compliant,wait.pdf
ISO,2025-03-26,2025-07-24,Compliant,mission.pdf
JCI,2025-04-18,2025-06-17,Compliant,resource.pdf
JCI,2024-08-09,2026-02-11,Compliant,lawyer.pdf
FDA,2025-01-07,2025-11-12,Compliant,shoulder.pdf
FDA,2025-01-28,2026-02-22,Non-Compliant,detail.pdf
JCI,2024-06-14,2025-09-10,Compliant,night.pdf
FDA,2024-12-19,2026-03-25,Compliant,his.pdf
ISO,2024-08-26,2026-04-03,Compliant,alone.pdf
FDA,2024-06-27,2025-11-23,Non-Compliant,but.pdf
ISO,2025-03-08,2025-08-20,Compliant,listen.pdf
FDA,2024-11-16,2025-05-02,Compliant,executive.pdf
ISO,2024-05-31,2025-08-19,Compliant,statement.pdf
FDA,2025-03-05,2026-03-23,Non-Compliant,usually.pdf
ISO,2025-04-14,2025-07-22,Non-Compliant,decide.pdf
FDA,2024-11-25,2026-03-20,Compliant,growth.pdf
ISO,2025-01-27,2025-11-19,Non-Compliant,we.pdf
JCI,2025-03-14,2025-07-08,Non-Compliant,clearly.pdf
FDA,2024-09-07,2025-12-31,Compliant,some.pdf
JCI,2024-07-16,2025-08-17,Non-Compliant,use.pdf
FDA,2024-05-03,2025-05-06,Non-Compliant,phone.pdf
FDA,2025-03-21,2025-05-26,Non-Compliant,run.pdf
ISO,2025-04-15,2025-05-25,Non-Compliant,tree.pdf
JCI,2025-02-18,2026-01-06,Compliant,oil.pdf
ISO,2024-12-13,2025-08-29,Compliant,culture.pdf
JCI,2024-07-04,2025-08-12,Non-Compliant,region.pdf
JCI,2025-01-02,2026-03-29,Non-Compliant,suffer.pdf
JCI,2024-06-20,2025-06-01,Compliant,including.pdf
JCI,2025-01-31,2025-09-26,Compliant,without.pdf
FDA,2024-08-05,2025-05-02,Non-Compliant,recognize.pdf
JCI,2024-06-30,2026-01-08,Non-Compliant,individual.pdf
ISO,2025-02-01,2026-01-05,Compliant,economic.pdf
FDA,2024-12-04,2025-09-27,Non-Compliant,commercial.pdf
ISO,2025-04-11,2026-04-25,Compliant,ball.pdf
JCI,2024-12-02,2026-01-17,Non-Compliant,gun.pdf
JCI,2024-11-20,2025-06-11,Non-Compliant,hair.pdf
JCI,2025-02-22,2025-12-06,Non-Compliant,sort.pdf
JCI,2025-02-18,2025-10-28,Non-Compliant,attack.pdf
JCI,2025-01-03,2025-11-06,Non-Compliant,future.pdf
ISO,2024-09-05,2026-03-29,Non-Compliant,similar.pdf
JCI,2024-11-30,2025-10-06,Compliant,thank.pdf
JCI,2024-06-12,2025-07-02,Compliant,simple.pdf
JCI,2025-02-07,2026-02-25,Compliant,rule.pdf
JCI,2024-07-31,2026-04-14,Non-Compliant,high.pdf
JCI,2025-02-27,2025-12-07,Non-Compliant,everybody.pdf
ISO,2024-05-15,2025-11-22,Non-Compliant,risk.pdf
FDA,2025-04-19,2025-08-14,Compliant,foot.pdf
JCI,2025-01-17,2025-06-05,Non-Compliant,arrive.pdf
JCI,2025-01-23,2026-04-03,Compliant,along.pdf
JCI,2024-10-09,2026-02-09,Compliant,middle.pdf
JCI,2024-06-15,2025-08-23,Compliant,official.pdf
ISO,2024-11-22,2025-08-29,Non-Compliant,treat.pdf
ISO,2024-07-17,2025-07-31,Compliant,society.pdf
ISO,2025-01-26,2026-03-25,Non-Compliant,himself.pdf
ISO,2024-07-05,2025-08-05,Compliant,write.pdf
JCI,2025-02-15,2026-04-08,Compliant,tend.pdf
JCI,2025-02-04,2026-04-16,Compliant,situation.pdf
JCI,2024-05-09,2025-09-14,Non-Compliant,consumer.pdf
JCI,2024-06-15,2025-05-17,Non-Compliant,serious.pdf
FDA,2024-12-15,2026-04-11,Compliant,themselves.pdf
FDA,2024-07-12,2025-10-07,Non-Compliant,else.pdf
JCI,2024-10-31,2026-02-03,Non-Compliant,artist.pdf
FDA,2024-12-30,2025-10-04,Non-Compliant,could.pdf
FDA,2025-02-09,2025-09-02,Compliant,trip.pdf
JCI,2025-03-15,2025-11-22,Non-Compliant,nice.pdf
ISO,2025-02-28,2025-11-10,Non-Compliant,really.pdf
JCI,2024-10-01,2026-03-29,Compliant,someone.pdf
FDA,2024-10-10,2025-05-20,Compliant,reason.pdf
FDA,2025-01-14,2026-03-05,Non-Compliant,forget.pdf
ISO,2025-03-07,2025-07-27,Compliant,particular.pdf
FDA,2025-03-28,2025-11-07,Compliant,strong.pdf
ISO,2024-11-27,2025-09-18,Compliant,team.pdf
ISO,2024-12-25,2025-08-07,Non-Compliant,television.pdf
ISO,2025-03-21,2025-09-03,Non-Compliant,stand.pdf
ISO,2024-05-28,2026-04-21,Compliant,culture.pdf
ISO,2025-04-22,2025-08-14,Non-Compliant,red.pdf
FDA,2025-03-22,2025-10-31,Non-Compliant,impact.pdf
ISO,2024-11-07,2026-02-16,Non-Compliant,evening.pdf
JCI,2024-11-01,2026-02-26,Non-Compliant,week.pdf
ISO,2024-09-01,2025-09-11,Non-Compliant,debate.pdf
FDA,2024-08-26,2025-12-24,Compliant,memory.pdf
JCI,2024-10-20,2025-10-10,Non-Compliant,service.pdf
ISO,2024-09-13,2025-12-17,Compliant,someone.pdf
FDA,2024-08-31,2025-05-02,Compliant,current.pdf
ISO,2025-04-08,2025-09-07,Compliant,hospital.pdf
FDA,2025-04-21,2026-02-01,Compliant,deal.pdf
FDA,2024-06-12,2025-08-25,Non-Compliant,arm.pdf
ISO,2025-03-10,2025-10-15,Compliant,heart.pdf
FDA,2025-02-20,2025-10-22,Non-Compliant,degree.pdf
ISO,2025-03-12,2025-07-22,Non-Compliant,key.pdf
JCI,2024-09-23,2025-11-20,Compliant,civil.pdf
ISO,2024-05-29,2025-11-28,Compliant,find.pdf
ISO,2025-03-14,2025-07-26,Compliant,tax.pdf
ISO,2024-11-05,2026-03-18,Compliant,inside.pdf
ISO,2024-10-02,2026-01-18,Non-Compliant,understand.pdf
JCI,2024-07-31,2025-08-06,Non-Compliant,which.pdf
FDA,2024-07-23,2026-03-28,Compliant,ahead.pdf
JCI,2024-08-26,2025-09-23,Compliant,arm.pdf
FDA,2024-05-06,2026-04-16,Non-Compliant,method.pdf
JCI,2024-05-22,2025-08-23,Non-Compliant,TV.pdf
ISO,2024-08-02,2025-05-20,Non-Compliant,moment.pdf
JCI,2024-07-02,2025-11-15,Compliant,couple.pdf
JCI,2024-09-26,2025-08-15,Non-Compliant,deal.pdf
JCI,2025-01-03,2025-05-14,Non-Compliant,allow.pdf
ISO,2024-08-24,2025-08-15,Non-Compliant,skin.pdf
FDA,2024-06-30,2025-06-28,Compliant,within.pdf
FDA,2024-06-24,2025-05-24,Compliant,popular.pdf
JCI,2024-08-02,2025-10-30,Compliant,yard.pdf
JCI,2024-10-30,2026-01-20,Compliant,build.pdf
ISO,2024-12-04,2025-09-12,Compliant,easy.pdf
JCI,2024-12-06,2025-07-23,Compliant,example.pdf
JCI,2024-08-20,2025-11-12,Non-Compliant,local.pdf
ISO,2024-11-27,2025-12-18,Compliant,section.pdf
ISO,2024-11-30,2026-04-15,Compliant,gas.pdf
ISO,2025-02-28,2025-09-01,Compliant,wide.pdf
JCI,2025-04-13,2025-07-18,Non-Compliant,economy.pdf
FDA,2025-03-25,2025-06-21,Non-Compliant,everything.pdf
JCI,2025-04-01,2025-10-29,Compliant,bag.pdf
ISO,2024-07-16,2026-01-18,Non-Compliant,share.pdf
FDA,2024-06-04,2026-04-17,Non-Compliant,future.pdf
FDA,2024-09-04,2026-02-07,Non-Compliant,land.pdf
FDA,2025-01-16,2025-12-20,Compliant,food.pdf
ISO,2025-02-04,2025-07-03,Non-Compliant,step.pdf
FDA,2024-07-09,2025-11-12,Compliant,else.pdf
ISO,2025-01-19,2025-06-02,Non-Compliant,baby.pdf
FDA,2024-09-24,2025-08-09,Compliant,wall.pdf
FDA,2024-08-11,2025-10-17,Non-Compliant,town.pdf
FDA,2024-08-17,2025-11-30,Non-Compliant,so.pdf
JCI,2025-03-02,2025-06-09,Compliant,finish.pdf
ISO,2024-10-26,2026-04-28,Compliant,central.pdf
ISO,2024-06-25,2025-11-08,Compliant,fear.pdf
ISO,2025-04-29,2026-02-20,Compliant,guy.pdf
JCI,2024-05-10,2026-01-02,Non-Compliant,I.pdf
FDA,2025-01-29,2025-06-29,Non-Compliant,rock.pdf
ISO,2024-10-06,2025-10-19,Compliant,later.pdf
JCI,2024-08-26,2026-04-08,Non-Compliant,majority.pdf
FDA,2024-05-20,2026-02-21,Compliant,democratic.pdf
JCI,2025-02-14,2026-04-09,Compliant,information.pdf
JCI,2024-10-17,2025-09-08,Non-Compliant,share.pdf
ISO,2024-12-31,2025-08-23,Non-Compliant,want.pdf
JCI,2025-04-24,2025-09-27,Non-Compliant,recognize.pdf
FDA,2024-07-16,2025-09-18,Non-Compliant,husband.pdf
FDA,2025-01-21,2025-08-07,Compliant,method.pdf
JCI,2024-12-10,2025-07-30,Non-Compliant,food.pdf
ISO,2024-11-23,2025-06-02,Non-Compliant,direction.pdf
JCI,2024-10-04,2025-08-31,Non-Compliant,such.pdf
ISO,2024-11-26,2026-04-02,Non-Compliant,maybe.pdf
JCI,2024-10-07,2025-10-09,Non-Compliant,few.pdf
FDA,2024-10-13,2025-10-28,Non-Compliant,someone.pdf
ISO,2024-09-26,2025-11-14,Compliant,individual.pdf
JCI,2025-02-28,2025-09-23,Compliant,pattern.pdf
ISO,2024-11-13,2026-01-15,Compliant,product.pdf
FDA,2024-07-12,2026-02-27,Non-Compliant,machine.pdf
JCI,2024-11-14,2025-09-24,Non-Compliant,then.pdf
ISO,2025-03-14,2026-04-29,Compliant,detail.pdf
FDA,2024-06-24,2025-05-06,Compliant,drive.pdf
ISO,2024-12-10,2025-08-30,Non-Compliant,hard.pdf
ISO,2024-12-22,2025-06-12,Non-Compliant,guy.pdf
ISO,2024-08-29,2026-01-03,Non-Compliant,decide.pdf
FDA,2024-10-05,2025-12-29,Non-Compliant,travel.pdf
JCI,2024-11-13,2025-09-25,Non-Compliant,early.pdf
FDA,2024-12-25,2026-04-18,Compliant,between.pdf
JCI,2024-08-10,2025-07-23,Non-Compliant,too.pdf
ISO,2025-02-04,2025-06-24,Non-Compliant,seek.pdf
FDA,2024-05-11,2025-11-23,Compliant,class.pdf
FDA,2024-11-19,2025-05-04,Non-Compliant,social.pdf
JCI,2024-11-13,2025-06-05,Compliant,claim.pdf
FDA,2025-02-23,2025-09-07,Compliant,music.pdf
FDA,2025-04-24,2025-08-11,Non-Compliant,Congress.pdf
ISO,2024-09-02,2026-04-08,Non-Compliant,air.pdf
FDA,2024-08-10,2025-07-15,Compliant,American.pdf
ISO,2025-03-27,2025-09-01,Non-Compliant,them.pdf
ISO,2024-10-26,2025-11-02,Non-Compliant,pressure.pdf
JCI,2024-05-09,2025-10-06,Compliant,pressure.pdf
ISO,2024-09-11,2026-01-27,Compliant,view.pdf
FDA,2025-02-04,2026-02-03,Compliant,TV.pdf
JCI,2025-03-27,2025-12-30,Compliant,consumer.pdf
ISO,2024-06-25,2026-02-22,Non-Compliant,article.pdf
ISO,2024-12-17,2026-04-06,Non-Compliant,represent.pdf
JCI,2024-11-25,2025-10-12,Compliant,so.pdf
FDA,2024-07-21,2025-05-19,Non-Compliant,interesting.pdf
FDA,2025-01-08,2025-09-24,Non-Compliant,us.pdf
ISO,2024-12-17,2026-02-24,Compliant,fact.pdf
FDA,2025-02-26,2026-01-13,Compliant,sport.pdf
JCI,2024-06-08,2025-07-27,Non-Compliant,population.pdf
JCI,2025-01-28,2026-02-19,Non-Compliant,mother.pdf
ISO,2025-03-05,2025-07-10,Non-Compliant,opportunity.pdf
ISO,2024-05-13,2025-06-19,Non-Compliant,actually.pdf
ISO,2025-03-27,2026-02-15,Compliant,simple.pdf
ISO,2025-03-21,2025-11-21,Compliant,animal.pdf
ISO,2024-08-16,2025-06-17,Compliant,teacher.pdf
JCI,2024-08-31,2026-02-08,Non-Compliant,involve.pdf
ISO,2024-09-10,2025-06-22,Non-Compliant,administration.pdf
JCI,2025-03-16,2026-04-03,Compliant,leader.pdf
FDA,2025-03-07,2025-05-23,Compliant,thus.pdf
FDA,2025-02-13,2025-05-31,Non-Compliant,inside.pdf
FDA,2025-01-01,2025-10-19,Compliant,radio.pdf
FDA,2024-12-22,2025-11-21,Compliant,sea.pdf
ISO,2024-07-27,2025-11-08,Compliant,room.pdf
ISO,2024-07-24,2025-05-15,Compliant,sign.pdf
ISO,2024-10-25,2026-02-04,Non-Compliant,book.pdf
FDA,2024-09-10,2026-02-04,Compliant,history.pdf
FDA,2024-04-30,2026-03-30,Compliant,despite.pdf
FDA,2024-07-08,2026-04-09,Non-Compliant,single.pdf
FDA,2025-04-14,2025-06-01,Compliant,play.pdf
FDA,2024-08-15,2025-08-01,Compliant,relate.pdf
ISO,2024-05-24,2025-10-15,Non-Compliant,education.pdf
FDA,2024-10-22,2025-09-08,Non-Compliant,take.pdf
FDA,2025-03-10,2025-08-08,Non-Compliant,issue.pdf
ISO,2024-09-07,2025-12-09,Compliant,town.pdf
JCI,2024-09-03,2025-06-17,Compliant,true.pdf
FDA,2024-10-04,2026-03-20,Compliant,fast.pdf
JCI,2025-03-04,2025-11-07,Compliant,bit.pdf
ISO,2024-09-14,2025-12-03,Non-Compliant,sport.pdf
JCI,2024-05-16,2025-11-09,Non-Compliant,beyond.pdf
FDA,2024-06-02,2026-02-06,Compliant,over.pdf
FDA,2025-04-09,2026-01-17,Non-Compliant,official.pdf
ISO,2025-01-27,2026-02-08,Non-Compliant,firm.pdf
FDA,2024-09-20,2025-09-02,Compliant,change.pdf
JCI,2024-10-10,2026-04-19,Compliant,lose.pdf
ISO,2024-06-14,2025-09-19,Compliant,wife.pdf
JCI,2025-04-19,2025-06-03,Compliant,girl.pdf
FDA,2024-05-30,2025-08-15,Non-Compliant,attack.pdf
FDA,2025-04-29,2025-08-27,Compliant,yet.pdf
FDA,2024-09-05,2025-10-02,Non-Compliant,local.pdf
ISO,2025-02-16,2025-09-16,Non-Compliant,throw.pdf
JCI,2025-01-12,2026-03-23,Compliant,guess.pdf
ISO,2024-09-20,2025-07-12,Non-Compliant,guy.pdf
FDA,2024-06-11,2026-02-22,Non-Compliant,really.pdf
FDA,2025-01-28,2026-03-12,Compliant,rise.pdf
JCI,2025-01-15,2025-07-27,Non-Compliant,throughout.pdf
JCI,2025-01-27,2026-04-14,Non-Compliant,nature.pdf
JCI,2024-12-14,2025-09-24,Compliant,sort.pdf
JCI,2024-05-21,2025-08-13,Compliant,teacher.pdf
ISO,2024-09-30,2025-09-10,Compliant,drug.pdf
JCI,2025-03-12,2026-01-15,Non-Compliant,student.pdf
ISO,2025-04-09,2025-08-16,Non-Compliant,cut.pdf
ISO,2025-02-22,2026-02-21,Compliant,total.pdf
JCI,2024-08-31,2025-05-10,Compliant,upon.pdf
JCI,2024-12-31,2025-08-24,Non-Compliant,should.pdf
JCI,2025-03-22,2025-09-18,Non-Compliant,employee.pdf
FDA,2024-12-23,2025-11-02,Compliant,beautiful.pdf
JCI,2024-12-25,2025-05-01,Non-Compliant,me.pdf
FDA,2025-03-21,2025-11-05,Compliant,also.pdf
JCI,2024-08-31,2026-03-28,Compliant,material.pdf
FDA,2024-09-11,2025-07-09,Non-Compliant,social.pdf
ISO,2024-11-28,2025-12-14,Compliant,his.pdf
FDA,2025-01-21,2026-01-24,Non-Compliant,represent.pdf
JCI,2025-03-01,2025-10-27,Non-Compliant,wife.pdf
ISO,2024-10-20,2025-10-20,Compliant,voice.pdf
ISO,2025-03-26,2025-08-03,Compliant,outside.pdf
JCI,2025-03-02,2025-08-14,Non-Compliant,note.pdf
ISO,2024-10-03,2025-08-14,Non-Compliant,nearly.pdf
FDA,2025-03-18,2026-04-27,Compliant,stay.pdf
JCI,2025-04-25,2025-05-02,Compliant,according.pdf
JCI,2024-08-06,2025-05-07,Non-Compliant,American.pdf
FDA,2025-01-19,2025-08-14,Compliant,year.pdf
JCI,2024-09-12,2025-10-29,Compliant,defense.pdf
JCI,2024-11-25,2025-12-13,Non-Compliant,what.pdf
JCI,2025-02-03,2025-06-29,Non-Compliant,economic.pdf
ISO,2024-07-01,2025-10-09,Non-Compliant,power.pdf
FDA,2024-08-09,2025-05-09,Compliant,believe.pdf
FDA,2024-07-11,2025-08-02,Non-Compliant,no.pdf
JCI,2024-12-03,2025-07-11,Non-Compliant,particularly.pdf
ISO,2024-06-26,2025-05-26,Compliant,agree.pdf
JCI,2024-06-24,2025-09-21,Non-Compliant,enjoy.pdf
FDA,2025-02-22,2025-10-14,Non-Compliant,letter.pdf
JCI,2024-07-29,2025-12-01,Non-Compliant,movie.pdf
ISO,2025-01-30,2025-07-16,Compliant,work.pdf
FDA,2024-05-12,2025-06-17,Non-Compliant,force.pdf
FDA,2024-07-23,2025-12-01,Compliant,team.pdf
JCI,2025-04-13,2025-07-12,Non-Compliant,me.pdf
ISO,2025-03-29,2026-03-17,Non-Compliant,blue.pdf
FDA,2024-04-29,2026-02-22,Compliant,last.pdf
JCI,2024-05-06,2025-11-06,Compliant,both.pdf
FDA,2025-04-02,2026-01-06,Non-Compliant,bar.pdf
ISO,2024-06-28,2026-03-07,Non-Compliant,while.pdf
ISO,2025-03-20,2025-09-28,Non-Compliant,company.pdf
FDA,2024-06-04,2026-03-06,Non-Compliant,you.pdf
JCI,2025-03-01,2026-02-04,Non-Compliant,security.pdf
FDA,2025-02-22,2025-07-20,Non-Compliant,level.pdf
JCI,2025-01-01,2026-04-21,Compliant,health.pdf
FDA,2024-05-07,2025-09-08,Non-Compliant,beat.pdf
FDA,2024-09-26,2026-03-11,Compliant,trip.pdf
FDA,2024-10-13,2026-02-26,Compliant,answer.pdf
ISO,2024-09-07,2025-10-17,Non-Compliant,especially.pdf
JCI,2024-05-04,2025-07-19,Non-Compliant,exactly.pdf
FDA,2024-05-10,2025-05-19,Compliant,property.pdf
FDA,2025-04-18,2026-01-21,Compliant,across.pdf
JCI,2025-03-05,2025-06-14,Compliant,near.pdf
FDA,2025-01-18,2026-02-01,Non-Compliant,outside.pdf
FDA,2024-09-28,2025-07-24,Compliant,within.pdf
ISO,2024-05-23,2025-08-08,Compliant,debate.pdf
FDA,2025-03-02,2026-02-03,Compliant,voice.pdf
JCI,2024-05-17,2025-12-19,Compliant,story.pdf
FDA,2025-02-17,2025-08-12,Compliant,fish.pdf
ISO,2025-01-05,2025-10-14,Non-Compliant,wait.pdf
FDA,2024-09-03,2026-02-07,Non-Compliant,stuff.pdf
JCI,2024-12-11,2026-02-09,Compliant,ten.pdf
ISO,2024-11-07,2026-04-20,Compliant,management.pdf
JCI,2025-02-17,2025-12-22,Non-Compliant,include.pdf
FDA,2024-09-19,2025-11-23,Non-Compliant,fish.pdf
JCI,2025-03-10,2025-10-07,Non-Compliant,test.pdf
FDA,2024-08-12,2026-01-12,Non-Compliant,indicate.pdf
JCI,2024-12-29,2025-09-19,Compliant,kid.pdf
JCI,2025-03-05,2025-12-16,Non-Compliant,must.pdf
FDA,2025-04-06,2025-12-10,Non-Compliant,development.pdf
JCI,2024-07-18,2025-05-08,Non-Compliant,last.pdf
ISO,2024-08-07,2025-09-16,Compliant,no.pdf
FDA,2024-12-01,2026-01-19,Compliant,black.pdf
FDA,2025-03-21,2025-11-10,Non-Compliant,song.pdf
ISO,2025-04-24,2026-02-19,Compliant,save.pdf
JCI,2024-06-22,2025-11-18,Non-Compliant,claim.pdf
JCI,2024-09-05,2025-11-14,Compliant,avoid.pdf
ISO,2025-02-08,2026-02-14,Compliant,its.pdf
FDA,2025-03-03,2025-08-28,Compliant,his.pdf
