MaintenanceType,ScheduledDate,CompletionDate,ServiceEngineerName,MaintenanceStatus
Calibration,2024-09-02,2024-07-03,Kevin Lester,Pending
Corrective,2025-01-16,2025-02-26,Robin Newman,Overdue
Preventive,2025-09-19,2024-07-27,Paul Cole,Overdue
Corrective,2025-06-08,2024-08-03,Austin Smith,Completed
Calibration,2024-11-26,2024-08-20,Nicole Hansen,Overdue
Preventive,2024-08-17,2024-05-20,Thomas Anderson,Overdue
Corrective,2024-08-27,2024-07-09,Melissa Hernandez,Pending
Corrective,2025-11-24,2024-10-07,Sandra Campbell,Completed
Preventive,2024-08-15,2024-07-07,Bruce Greer,Completed
Corrective,2025-04-09,2024-07-09,Kimberly Nunez,Completed
Preventive,2024-06-17,2025-01-03,Bryce Mcguire,Pending
Preventive,2024-12-17,2024-12-11,David Howell,Overdue
Corrective,2024-11-08,2025-03-26,Karina Stuart,Completed
Preventive,2025-02-13,2024-10-18,Eric Hoffman,Pending
Corrective,2025-11-08,2025-03-20,Anna Gamble,Completed
Preventive,2024-08-22,2024-08-15,Jacob Wells,Completed
Corrective,2024-08-13,2024-07-07,Anthony Herring,Overdue
Preventive,2024-05-31,2025-04-10,Danielle Fernandez,Overdue
Calibration,2025-06-05,2024-08-23,Ricky Jones,Overdue
Preventive,2024-10-26,2025-01-11,Kristy Long,Overdue
Corrective,2024-09-11,2025-03-11,Albert Chan,Completed
Preventive,2025-09-27,2024-06-12,Laura Johnson,Overdue
Calibration,2024-06-12,2024-09-27,Edward Harris,Pending
Preventive,2024-08-18,2024-06-28,Lance Mitchell,Pending
Calibration,2025-03-16,2024-10-21,James Long,Pending
Calibration,2024-08-24,2024-10-10,Linda Weiss,Pending
Calibration,2026-04-06,2024-11-06,Jared Miller,Overdue
Corrective,2025-06-01,2024-11-17,Wendy Santos,Completed
Calibration,2024-05-10,2025-04-17,Cory Calhoun,Overdue
Corrective,2025-11-18,2024-05-11,Michelle Bridges,Pending
Preventive,2025-07-03,2024-07-28,Mark Stephens,Completed
Corrective,2025-02-06,2025-03-22,Theodore Mccarty,Pending
Corrective,2025-08-13,2025-01-10,Carol Dominguez,Overdue
Preventive,2024-06-05,2025-04-28,Alyssa Newton MD,Overdue
Corrective,2024-11-05,2024-10-29,Lisa Wells,Pending
Preventive,2024-12-27,2024-09-03,Colleen Johnson,Pending
Corrective,2025-02-11,2025-01-26,Jeffrey Humphrey,Overdue
Corrective,2026-01-19,2024-06-19,Steven Daniels,Pending
Calibration,2026-01-26,2024-05-21,Adam Combs,Overdue
Calibration,2024-09-06,2025-02-15,Jane Singh,Overdue
Calibration,2026-03-30,2024-05-10,Patty Sullivan,Overdue
Calibration,2026-02-27,2024-06-18,Brian Stevens,Pending
Calibration,2025-04-03,2024-06-11,Robert Roth,Overdue
Calibration,2026-04-20,2024-10-10,Michael Best,Pending
Preventive,2025-12-14,2025-02-26,Mark Brown,Overdue
Preventive,2025-02-02,2024-10-06,John Becker,Pending
Calibration,2024-10-01,2025-02-14,Travis Marsh,Completed
Calibration,2025-07-04,2024-06-16,Kimberly Brown,Pending
Calibration,2025-03-04,2024-10-09,Brent Carter,Pending
Calibration,2024-05-12,2025-02-04,Wesley Johnson,Pending
Preventive,2024-05-07,2024-06-18,Cody Cruz,Overdue
Preventive,2026-01-26,2024-05-22,Sarah Mayo,Pending
Corrective,2024-05-02,2024-08-14,Denise Garcia,Pending
Corrective,2024-09-20,2024-05-09,Brett Chapman,Overdue
Corrective,2025-07-13,2024-07-07,Amy Gibbs,Overdue
Calibration,2026-04-11,2024-08-04,Keith Lopez,Completed
Corrective,2024-10-19,2025-01-07,Leonard Welch,Completed
Corrective,2026-03-01,2024-12-08,Michael Long,Overdue
Preventive,2024-07-14,2025-02-03,Jennifer Bowman,Completed
Corrective,2024-12-03,2025-01-31,Heather Anderson,Overdue
Calibration,2025-12-22,2024-06-19,Heather Baldwin,Pending
Preventive,2025-07-03,2024-05-08,Maria Strickland,Overdue
Preventive,2026-02-06,2024-11-12,Susan Snyder,Completed
Corrective,2026-04-06,2024-08-25,Zachary Dawson,Overdue
Corrective,2025-02-10,2024-08-21,Lucas Brown,Pending
Calibration,2025-01-02,2024-06-30,Lisa Murphy,Overdue
Calibration,2024-10-28,2025-04-11,Lisa Neal,Overdue
Calibration,2025-08-12,2024-12-29,David Phillips,Overdue
Preventive,2025-11-21,2024-11-01,Ronald Marquez,Completed
Calibration,2026-03-07,2025-01-28,Christopher Thomas,Pending
Corrective,2025-09-09,2024-12-08,Nancy Green,Completed
Corrective,2025-06-08,2024-07-09,Laura Nunez,Pending
Corrective,2025-09-12,2024-12-10,Stephen Washington,Overdue
Corrective,2025-01-12,2024-10-25,Anthony Castillo,Completed
Preventive,2025-09-16,2024-09-30,Nathan Woods,Completed
Corrective,2025-03-20,2024-08-21,Donna Carter,Overdue
Calibration,2024-10-24,2025-01-20,Yolanda Garcia,Completed
Preventive,2024-08-30,2024-12-07,Cameron Higgins,Pending
Calibration,2025-03-10,2025-03-17,Anthony Stewart,Pending
Calibration,2025-03-31,2025-04-06,Jerry Williams,Overdue
Corrective,2025-03-11,2024-08-03,Amy Garcia,Pending
Calibration,2024-10-10,2024-07-06,Tiffany Park,Completed
Corrective,2024-11-04,2024-10-15,Matthew Rivers,Completed
Preventive,2024-09-26,2025-03-21,Hailey Houston,Pending
Corrective,2025-07-11,2024-07-21,Kathryn Jenkins,Pending
Preventive,2025-08-04,2025-03-17,Zachary Haynes,Overdue
Preventive,2024-07-20,2024-10-11,Deborah Gomez,Completed
Preventive,2025-03-08,2024-06-07,Daniel Turner,Pending
Preventive,2024-10-24,2024-07-22,Sarah Villa,Pending
Calibration,2024-07-13,2024-12-25,Samuel Lewis,Overdue
Corrective,2025-05-28,2024-12-09,Brian Carter,Completed
Preventive,2026-02-11,2024-10-06,Elizabeth Vazquez,Completed
Preventive,2026-04-05,2024-11-26,Elizabeth Wilson,Pending
Corrective,2025-11-24,2024-07-20,Robert Jenkins,Overdue
Preventive,2024-08-18,2025-03-19,John Ross,Pending
Corrective,2026-02-20,2024-12-19,Cameron Dean,Overdue
Corrective,2024-07-13,2024-08-28,Justin Dickson,Pending
Corrective,2026-02-12,2024-08-07,Samuel Smith,Completed
Calibration,2024-07-22,2024-12-09,Dana Kim,Pending
Calibration,2024-08-07,2024-12-29,David Williams,Pending
Calibration,2025-09-20,2025-03-26,Russell Miller,Pending
Preventive,2025-11-19,2025-04-26,Victoria Mosley,Overdue
Corrective,2025-07-23,2024-12-28,Mary Wood,Overdue
Preventive,2025-04-02,2025-02-16,Mrs. Kim Monroe,Overdue
Calibration,2025-05-16,2024-07-02,Nathaniel Jones,Completed
Corrective,2025-12-24,2025-03-12,Lauren Tate,Overdue
Calibration,2024-07-24,2024-12-08,Timothy Miller,Completed
Calibration,2025-11-15,2024-08-25,David Reynolds,Completed
Calibration,2025-04-24,2024-04-29,Alexandra Roberts,Completed
Corrective,2024-11-15,2024-10-20,Dana Rodriguez,Completed
Calibration,2024-07-01,2025-03-19,Julie Fields,Pending
Preventive,2026-03-22,2024-09-08,Russell Gordon,Overdue
Preventive,2025-03-27,2025-03-07,Jeffrey Cabrera,Pending
Calibration,2024-07-03,2024-06-28,Adam Thomas,Overdue
Calibration,2026-03-21,2024-05-26,Jon Le,Overdue
Calibration,2024-09-09,2024-06-11,Mary Yoder,Completed
Corrective,2025-05-12,2025-03-05,Cassandra Maynard,Overdue
Preventive,2024-11-01,2024-08-22,Michael Schultz,Completed
Corrective,2026-04-13,2024-05-15,Terry Washington,Completed
Calibration,2025-05-23,2024-05-20,Cassandra Williams,Overdue
Corrective,2025-01-19,2024-07-14,David Hill,Overdue
Calibration,2025-06-21,2025-04-14,Joe Jones,Overdue
Calibration,2024-10-07,2024-10-10,Rebecca Banks,Completed
Calibration,2025-01-31,2025-02-20,Reginald Griffin,Completed
Preventive,2024-08-15,2024-11-20,Jeffrey Carter,Completed
Preventive,2025-07-12,2025-03-02,Pamela Juarez,Overdue
Calibration,2024-12-15,2024-11-17,Luis Rich,Pending
Preventive,2026-01-14,2024-05-06,Kelly Flores,Overdue
Preventive,2024-12-29,2024-09-18,Emily Coffey,Completed
Calibration,2025-08-01,2024-07-04,Anne Bennett,Overdue
Preventive,2024-10-04,2024-08-25,Erin Hernandez,Pending
Calibration,2024-10-06,2024-11-26,Amanda Lam,Pending
Calibration,2025-05-08,2024-10-06,Mark Whitaker,Pending
Calibration,2025-08-22,2025-03-24,Amy Rodriguez,Completed
Corrective,2024-10-19,2024-08-10,David Raymond,Completed
Calibration,2024-06-28,2024-05-18,Brandi Flores,Overdue
Preventive,2026-01-21,2024-07-17,Jessica Eaton,Pending
Corrective,2024-11-29,2024-10-18,Nicolas Flores,Overdue
Calibration,2025-03-21,2025-01-21,Wayne Smith,Overdue
Calibration,2026-04-23,2025-04-23,Christina Parsons,Overdue
Corrective,2024-09-22,2025-01-16,Dr. Heather Melendez,Completed
Preventive,2026-01-13,2025-01-15,Eric Stone,Overdue
Preventive,2025-02-12,2025-03-01,Dr. Brooke Peters,Completed
Calibration,2025-02-05,2024-07-08,Joseph Michael,Overdue
Calibration,2024-11-04,2024-06-29,Laura Harris,Overdue
Corrective,2025-08-08,2025-03-19,Nicole Hall,Pending
Calibration,2026-04-10,2025-02-08,Mark Anderson,Overdue
Calibration,2025-01-23,2024-06-10,Justin Boone,Completed
Calibration,2026-01-30,2025-04-07,Monique Weaver,Pending
Calibration,2026-01-09,2024-10-17,Charles Todd,Completed
Corrective,2026-04-16,2024-08-26,Victoria Barber,Completed
Corrective,2025-08-22,2024-06-22,Brian Thompson,Overdue
Calibration,2025-04-17,2025-01-07,Phillip Mcconnell,Pending
Corrective,2026-03-06,2024-07-29,Amy Collins,Overdue
Calibration,2026-03-20,2024-07-08,Laura Schneider,Pending
Calibration,2026-04-27,2024-11-20,James Ferguson,Pending
Calibration,2024-05-16,2025-02-28,Elizabeth Maxwell,Pending
Calibration,2025-12-29,2024-11-23,Denise Brooks,Completed
Calibration,2024-11-05,2025-03-10,Ryan Ward PhD,Completed
Preventive,2024-05-27,2024-05-03,Sheila Hall,Overdue
Calibration,2025-12-24,2024-06-05,John Jacobs,Completed
Corrective,2025-11-17,2024-06-29,Kimberly Higgins,Overdue
Calibration,2026-04-18,2024-09-15,Susan Livingston,Completed
Preventive,2025-06-04,2025-03-26,Caitlin Rodriguez,Pending
Corrective,2025-11-15,2025-04-28,Mason Porter,Overdue
Corrective,2025-02-26,2024-05-11,Nicole Allen,Completed
Preventive,2024-08-19,2024-06-29,Roberta Armstrong,Pending
Calibration,2025-12-30,2024-09-25,Valerie Hill,Completed
Corrective,2025-02-15,2024-09-03,Casey Carter,Overdue
Calibration,2025-06-09,2025-01-15,Christina Kennedy,Pending
Calibration,2026-04-11,2024-09-18,Amy Walker,Overdue
Calibration,2025-06-30,2025-01-13,Elizabeth Fernandez,Overdue
Corrective,2026-04-17,2025-04-04,James Combs,Overdue
Corrective,2024-09-24,2024-12-29,Mark Velasquez,Completed
Calibration,2024-08-29,2025-01-19,Jody Knight DDS,Overdue
Preventive,2025-10-11,2024-12-28,Paula Higgins,Pending
Calibration,2026-02-03,2024-11-18,Toni Martinez,Pending
Calibration,2026-01-23,2024-07-25,Mario Young,Overdue
Calibration,2024-12-24,2024-06-24,Sheri Williams,Overdue
Calibration,2025-04-22,2025-01-22,Steven Martinez,Completed
Corrective,2025-11-26,2025-04-17,Laurie Ramirez,Completed
Preventive,2026-04-02,2024-08-06,David King,Overdue
Preventive,2025-09-23,2025-02-15,Stephanie Robbins,Completed
Calibration,2024-10-13,2024-06-04,Kristy Little,Overdue
Corrective,2024-09-25,2024-06-12,Ann Oneill,Overdue
Preventive,2026-01-26,2024-12-12,Ricky Stanley,Overdue
Calibration,2024-12-26,2024-10-15,Amanda Hernandez,Pending
Preventive,2024-08-28,2025-01-18,Teresa Clark,Pending
Preventive,2024-05-05,2024-11-18,Leslie Ford,Completed
Calibration,2025-08-26,2025-01-23,Kelly Webb,Pending
Corrective,2025-05-29,2024-11-03,Robin Le,Completed
Preventive,2025-04-20,2024-06-06,Matthew Moreno,Pending
Calibration,2024-11-20,2024-08-21,Joseph Moran,Completed
Corrective,2025-03-17,2024-10-06,Stephanie Tyler,Pending
Corrective,2026-04-28,2024-10-01,Erika West,Overdue
Calibration,2025-08-24,2024-07-20,Nicole Clayton,Overdue
Calibration,2025-11-17,2024-09-05,Brandon Perez,Pending
Calibration,2026-01-07,2024-06-13,Ann Sims,Overdue
Preventive,2025-01-10,2025-04-12,Nicholas Newman,Completed
Preventive,2025-03-18,2024-08-13,Lisa Moreno,Pending
Calibration,2026-01-16,2025-04-11,Mr. Jason Lee,Completed
Preventive,2024-05-16,2024-06-17,Christine Conway,Overdue
Preventive,2024-07-23,2025-03-05,Mary Rosario,Pending
Calibration,2025-04-16,2024-11-27,Mrs. Sherry Rush,Overdue
Calibration,2024-06-19,2024-11-02,Stephanie Luna,Completed
Preventive,2025-09-08,2025-01-30,Miranda Anderson,Pending
Calibration,2025-09-05,2024-08-25,Amanda Hall MD,Completed
Preventive,2025-07-22,2024-05-03,Carla Harris,Completed
Corrective,2024-07-17,2025-01-16,Kaitlyn Jimenez,Completed
Preventive,2025-12-20,2024-12-01,Haley Hill,Completed
Corrective,2025-10-13,2024-04-29,John Baker,Completed
Preventive,2025-10-18,2025-01-05,Jennifer Lara,Pending
Preventive,2025-12-29,2024-10-30,Dr. Chloe Miller,Pending
Corrective,2026-03-10,2024-06-08,Janice Cole,Overdue
Calibration,2025-11-23,2024-04-30,Colin Fuentes,Overdue
Preventive,2026-02-28,2024-05-06,Traci Deleon,Pending
Corrective,2026-01-23,2024-05-22,Susan Tran,Overdue
Preventive,2024-12-09,2025-02-12,Jennifer Young,Pending
Preventive,2024-06-02,2024-11-18,Sonya Richardson,Completed
Preventive,2025-01-08,2025-04-11,Dawn Walker,Completed
Corrective,2024-09-22,2025-02-24,Mark Schneider,Overdue
Calibration,2026-02-05,2025-01-28,Lisa Black,Overdue
Corrective,2025-05-21,2024-09-01,Todd Higgins,Overdue
Calibration,2025-03-30,2024-10-09,Shannon Alexander DDS,Overdue
Preventive,2024-09-21,2024-07-08,Hunter Martin,Pending
Corrective,2025-09-05,2024-09-06,Alexandra Knight,Overdue
Calibration,2025-11-05,2025-04-01,Paul Watts,Pending
Calibration,2025-03-10,2024-06-27,Julie Escobar,Overdue
Corrective,2025-02-18,2024-10-13,Misty Wright,Overdue
Corrective,2025-06-25,2024-10-29,Kelly Cooper,Overdue
Preventive,2024-05-23,2024-09-30,Sharon Rubio,Overdue
Corrective,2024-12-08,2024-06-17,Amanda Jimenez,Pending
Calibration,2025-02-09,2024-07-10,Kiara Foster,Completed
Calibration,2024-11-15,2024-11-24,Kevin Clark,Completed
Calibration,2025-02-28,2024-11-27,Teresa Joseph,Completed
Calibration,2024-08-05,2025-01-30,Jamie Wallace,Completed
Calibration,2026-04-07,2024-10-07,Victoria Campbell,Pending
Calibration,2025-06-20,2024-05-20,Ethan Miller,Completed
Calibration,2025-11-21,2024-10-29,Richard Chavez,Completed
Calibration,2026-03-01,2024-06-02,Andrea Wilkins,Pending
Corrective,2024-08-05,2024-10-12,Joel Harris MD,Completed
Preventive,2025-10-22,2025-01-08,Kimberly Jackson,Completed
Calibration,2025-11-16,2024-05-31,Shane Ellis,Pending
Corrective,2026-02-16,2024-09-18,Adam Jones,Completed
Preventive,2025-05-09,2024-04-29,Cheryl Hamilton,Overdue
Preventive,2025-07-21,2024-12-02,Derrick Frost,Completed
Calibration,2026-04-25,2025-03-30,Sandra Franklin,Overdue
Preventive,2024-06-21,2025-03-21,Laura Morrison,Overdue
Calibration,2025-10-28,2024-11-02,Rodney Baker,Overdue
Preventive,2024-08-03,2025-03-10,Brandy Mendoza,Pending
Preventive,2024-06-29,2025-03-12,Robert Shannon,Pending
Corrective,2025-12-26,2025-02-11,Jeff Larsen,Pending
Calibration,2025-08-03,2025-02-10,Michael James,Overdue
Corrective,2024-11-10,2025-04-21,Joshua Kirk,Pending
Preventive,2024-07-21,2024-07-18,Sherry Caldwell,Pending
Preventive,2025-12-17,2025-03-14,Stephanie Ramos,Completed
Preventive,2025-01-28,2024-11-05,Theresa Hernandez,Completed
Preventive,2025-04-05,2024-12-10,Daniel Henry,Pending
Calibration,2024-11-30,2025-01-18,Jennifer Marshall,Completed
Preventive,2024-05-15,2025-03-19,Christopher Yoder,Overdue
Calibration,2024-08-24,2025-04-12,Alex Owen,Overdue
Preventive,2024-11-12,2025-04-01,Peter Mendez,Pending
Calibration,2024-05-23,2025-02-04,Mr. Steven Garcia,Completed
Calibration,2024-09-18,2024-05-16,Juan Ryan,Pending
Preventive,2024-11-12,2024-09-01,Melissa Smith,Completed
Calibration,2025-11-26,2024-06-28,Joseph Knight,Pending
Preventive,2025-06-13,2024-07-05,Allison Cantu,Completed
Calibration,2025-07-03,2024-05-20,Ashley Johnson,Overdue
Calibration,2024-11-12,2025-03-09,Luis Jackson,Overdue
Preventive,2025-01-24,2024-10-26,Andrea Doyle,Overdue
Corrective,2025-07-16,2024-07-31,Matthew Mays,Overdue
Preventive,2024-06-06,2024-06-14,Benjamin Martinez,Completed
Calibration,2024-05-13,2025-03-20,Aaron Anderson,Pending
Preventive,2025-05-23,2024-08-20,Jeffrey Todd,Overdue
Preventive,2025-09-15,2024-05-27,Kevin Edwards,Pending
Corrective,2024-08-01,2024-06-24,Sandra King,Completed
Preventive,2025-07-01,2024-09-07,Tracie Hernandez,Completed
Preventive,2024-11-24,2024-04-30,Jennifer Knox,Overdue
Calibration,2025-02-26,2024-05-27,Walter Ballard,Pending
Calibration,2024-06-17,2025-04-01,Erika Morton,Pending
Preventive,2025-06-19,2024-07-13,Terry Cruz,Pending
Corrective,2025-04-27,2025-03-17,Audrey Caldwell,Pending
Corrective,2025-11-22,2025-01-23,Gina Gallagher,Overdue
Calibration,2025-11-24,2024-11-16,Regina Jones,Pending
Corrective,2025-04-08,2024-12-03,Tyler Ward,Completed
Corrective,2025-03-07,2024-09-06,Kathryn Davis,Completed
Calibration,2025-03-28,2025-01-02,Kaitlyn Mills,Completed
Preventive,2024-08-03,2024-06-26,Alex Castillo,Overdue
Calibration,2025-08-13,2025-02-19,Jacqueline Chen,Pending
Preventive,2026-01-20,2024-11-09,Mary Hardy,Completed
Corrective,2024-07-27,2024-09-18,Taylor Li,Pending
Corrective,2026-01-22,2025-02-05,Tammy Strickland,Pending
Calibration,2025-08-30,2024-09-01,Robert Young,Completed
Corrective,2024-08-08,2024-06-28,Mark Ho,Pending
Corrective,2025-03-09,2024-10-19,Brian Vargas,Overdue
Corrective,2024-06-24,2025-04-25,Stephen Garcia,Overdue
Calibration,2025-06-06,2024-06-16,Jenna Boyd,Completed
Calibration,2026-03-05,2024-06-04,Jessica Gonzalez,Completed
Corrective,2025-09-14,2024-07-05,Nancy Kennedy,Completed
Calibration,2026-02-22,2024-11-28,Randy Gardner,Completed
Corrective,2025-12-11,2025-02-17,Betty Hansen,Pending
Preventive,2025-08-19,2024-10-23,Tracy Williams,Overdue
Preventive,2024-12-31,2024-09-08,Caitlin Kelly,Pending
Preventive,2025-09-16,2024-08-29,Lindsay Hicks,Overdue
Calibration,2025-03-31,2025-04-04,Ellen Randolph,Completed
Calibration,2025-11-21,2024-07-09,Theresa Rodriguez,Overdue
Calibration,2024-07-25,2025-01-31,Carolyn Murphy,Completed
Corrective,2024-09-27,2024-09-25,Travis Mccall,Completed
Corrective,2025-09-19,2024-10-25,John Lewis,Pending
Preventive,2024-09-20,2024-09-27,Robert Tucker,Pending
Corrective,2025-11-09,2025-02-06,Bianca Floyd,Pending
Preventive,2024-11-06,2025-01-21,Valerie Brown,Overdue
Calibration,2025-02-22,2024-07-27,Anthony Green,Completed
Preventive,2025-03-22,2024-10-24,Michael Flynn,Overdue
Preventive,2024-10-06,2024-06-05,Kimberly Cruz,Overdue
Calibration,2025-08-19,2025-01-21,Robert Hamilton,Pending
Corrective,2024-11-20,2025-02-21,Dominique Robinson,Pending
Corrective,2025-10-28,2024-10-08,Sheena Johnson,Overdue
Calibration,2024-09-04,2025-03-09,Vincent Williams,Completed
Calibration,2024-07-01,2024-12-09,Hector Benitez,Pending
Calibration,2024-09-18,2024-06-07,John Walton,Completed
Corrective,2026-03-28,2024-05-07,Sarah Turner,Overdue
Calibration,2025-11-27,2024-06-28,Mr. Patrick Schwartz,Pending
Preventive,2026-01-07,2024-08-04,Daniel Clark,Pending
Corrective,2024-08-22,2025-04-04,Ronald Stevenson,Pending
Preventive,2025-08-15,2024-07-24,Michael Baker,Pending
Calibration,2024-06-03,2024-09-01,Rachel Glass,Pending
Calibration,2026-03-22,2025-02-26,Anna Diaz,Pending
Corrective,2025-01-05,2025-03-13,Edward Moyer,Overdue
Preventive,2025-02-16,2024-09-23,Robert Goodman,Overdue
Corrective,2024-09-14,2025-02-22,Paul Johnson,Overdue
Calibration,2024-10-14,2024-08-24,Amanda Garcia,Completed
Calibration,2026-03-09,2025-01-08,Terry Mcbride,Completed
Corrective,2025-06-17,2025-03-02,Steven Lambert,Overdue
Preventive,2026-03-16,2024-09-23,Justin Austin,Overdue
Preventive,2025-11-13,2024-07-23,Eric Gonzalez,Overdue
Preventive,2025-12-23,2025-04-06,Ivan Todd MD,Overdue
Corrective,2024-08-18,2024-07-02,Paul Hensley,Completed
Calibration,2024-12-18,2024-06-27,Katherine Martinez,Pending
Calibration,2025-10-10,2025-02-05,Richard Jones,Pending
Corrective,2025-01-18,2024-09-18,Regina Young,Pending
Calibration,2025-08-26,2024-11-08,Donald Watson,Completed
Preventive,2025-02-25,2024-11-07,Bonnie Landry,Completed
Corrective,2024-10-19,2024-09-01,James Reed,Overdue
Calibration,2025-01-18,2025-01-10,Stephanie Williams,Pending
Preventive,2024-11-12,2024-12-10,Joseph Anderson,Completed
Calibration,2026-02-19,2024-12-03,Albert Jones,Overdue
Preventive,2024-10-21,2024-07-05,Christopher Mann,Pending
Corrective,2026-04-09,2024-09-23,Caitlin Anderson,Pending
Preventive,2024-09-14,2024-11-06,Cesar Ross,Completed
Calibration,2025-09-12,2024-08-06,Mr. Donald Brown,Overdue
Calibration,2024-05-27,2024-08-04,Mallory Walker DDS,Completed
Calibration,2025-04-24,2024-09-04,Benjamin Houston,Pending
Preventive,2025-09-04,2024-11-27,Kaitlin Day,Pending
Corrective,2024-12-05,2024-07-03,Michael Strickland,Pending
Preventive,2026-04-03,2025-04-29,Jonathan Bell,Pending
Calibration,2026-02-18,2025-04-01,Nathan Cunningham,Overdue
Corrective,2026-02-12,2024-11-25,Tony Bailey,Pending
Corrective,2026-03-10,2024-11-14,Charles Baker,Completed
Corrective,2026-03-04,2024-10-08,Susan Williams,Pending
Corrective,2026-03-28,2025-02-08,Kerry Morse,Completed
Corrective,2024-10-14,2025-02-05,Rebecca Martinez,Pending
Corrective,2025-10-22,2025-03-11,Jason Parker,Overdue
Calibration,2024-10-03,2025-03-26,Gary Walter,Pending
Corrective,2025-05-16,2024-06-16,Monica Rangel,Pending
Calibration,2025-08-10,2024-06-08,Cathy Spencer,Pending
Corrective,2026-04-12,2024-12-19,Timothy West,Overdue
Preventive,2025-03-15,2024-05-15,Jessica Ward,Pending
Corrective,2024-05-13,2025-04-24,Jennifer Gardner,Pending
Calibration,2025-08-12,2025-01-31,Robert Duncan,Completed
Calibration,2025-09-13,2024-09-23,Alison Bennett,Completed
Preventive,2025-01-13,2025-02-26,Daniel Levy,Completed
Preventive,2024-11-03,2025-02-25,Brian Waller,Pending
Corrective,2024-06-11,2025-04-29,Teresa Frederick,Pending
Corrective,2024-08-17,2025-04-26,Collin Aguilar,Completed
Preventive,2025-10-28,2024-07-08,Jack Schwartz,Overdue
Calibration,2025-07-22,2024-08-26,Meredith Campbell,Pending
Calibration,2025-04-09,2025-03-03,John Scott,Overdue
Preventive,2026-04-15,2024-08-22,Courtney Smith,Completed
Preventive,2025-04-26,2024-12-26,Jennifer Martin,Pending
Preventive,2024-08-01,2024-06-27,Abigail Wilson,Overdue
Calibration,2025-03-12,2025-02-09,Eduardo Dixon,Completed
Preventive,2025-12-22,2024-05-25,Eddie Patterson,Overdue
Corrective,2024-11-28,2025-02-05,Destiny Hudson,Completed
Corrective,2026-04-16,2025-01-16,Seth Wright,Pending
Preventive,2025-11-29,2024-10-26,Margaret Hodge,Completed
Preventive,2026-03-20,2024-10-02,Mary Haynes,Overdue
Preventive,2025-07-08,2025-03-08,Justin Brock,Completed
Calibration,2025-04-22,2025-02-01,David Duncan,Overdue
Corrective,2024-11-21,2024-10-04,Michael Bush,Overdue
Calibration,2026-04-01,2024-07-30,Rebecca Brady,Overdue
Corrective,2024-11-24,2024-04-29,Daniel Figueroa,Completed
Preventive,2026-04-09,2025-03-21,Julie Bryant,Pending
Calibration,2024-09-03,2025-03-04,Kevin Erickson,Pending
Corrective,2025-06-21,2025-02-08,Kimberly Mccall,Completed
Preventive,2025-11-01,2024-11-27,James Nelson,Overdue
Calibration,2024-10-30,2024-06-16,Angela Henderson,Completed
Corrective,2025-04-21,2024-09-09,Daniel Bean,Pending
Corrective,2025-02-28,2024-11-21,Shane Welch,Completed
Corrective,2024-08-20,2025-04-29,Carla Lee,Overdue
Calibration,2024-07-19,2024-06-26,Paul Rivera,Overdue
Calibration,2025-05-29,2025-02-24,William Mckinney,Completed
Calibration,2024-11-16,2025-03-03,Rebecca Daniels,Completed
Preventive,2025-10-17,2024-09-19,Donald Henson,Pending
Corrective,2025-07-15,2024-09-20,Shelia Stevens,Pending
Preventive,2025-10-27,2025-04-10,Jason Rivas,Completed
Preventive,2024-10-17,2024-05-06,Sean Cook,Completed
Preventive,2025-11-29,2025-02-06,Andrew Mccall,Pending
Corrective,2025-10-24,2025-01-07,Antonio Jones,Completed
Calibration,2025-12-16,2024-08-03,Thomas Silva,Completed
Calibration,2024-07-09,2024-07-16,David Lester,Overdue
Corrective,2025-11-18,2024-11-18,Michael Carroll,Completed
Preventive,2025-11-03,2024-12-30,Patrick Sanchez,Overdue
Preventive,2024-10-08,2024-07-15,Jeffrey Ryan,Completed
Corrective,2025-02-01,2024-12-17,Aaron Hernandez,Pending
Calibration,2024-12-09,2024-09-03,Tamara Johnson,Pending
Preventive,2024-06-12,2024-11-21,Nancy Gonzalez,Completed
Calibration,2025-08-04,2024-10-31,Diana Thompson,Overdue
Preventive,2024-12-01,2024-05-09,Lynn Johnson,Overdue
Corrective,2026-02-18,2025-02-02,Denise Gonzalez,Overdue
Preventive,2025-03-17,2024-08-18,Ruth Brown,Completed
Calibration,2025-09-08,2024-12-14,Patricia Hansen,Completed
Corrective,2026-03-24,2024-10-04,Nancy Brown,Pending
Corrective,2025-02-22,2024-05-22,Matthew Carter,Pending
Calibration,2024-07-17,2025-02-20,Joseph Hensley,Pending
Calibration,2025-07-22,2024-07-25,Katelyn Hoffman,Pending
Corrective,2024-07-13,2024-05-14,Linda Sellers,Pending
Corrective,2025-08-22,2024-06-01,Bryan Gregory,Completed
Calibration,2025-07-18,2024-05-08,Christine Salas,Completed
Corrective,2026-02-27,2025-02-20,Jerry Fletcher,Completed
Calibration,2025-03-25,2024-07-18,Joyce Roberts DDS,Overdue
Corrective,2025-03-11,2024-07-03,Angela Henson,Overdue
Corrective,2025-06-11,2024-11-27,Daniel Mathews,Overdue
Preventive,2026-03-12,2024-10-15,Mrs. Shannon Jones PhD,Pending
Preventive,2025-07-20,2024-08-20,Cindy Cantrell,Pending
Calibration,2026-01-05,2024-09-02,Gloria Johnson,Pending
Corrective,2025-05-14,2025-01-09,Jessica Martinez,Pending
Calibration,2025-10-13,2024-10-08,William Miles,Pending
Preventive,2026-04-13,2025-01-10,Edwin Thompson,Pending
Preventive,2024-06-18,2025-01-04,Joshua Mitchell,Overdue
Corrective,2025-11-26,2024-11-22,Cindy Walton,Completed
Preventive,2026-03-28,2024-07-16,Larry Perkins,Pending
Calibration,2024-09-05,2024-08-16,Michele Harrington,Overdue
Preventive,2026-01-03,2024-06-10,Barbara Moran,Overdue
Corrective,2026-04-21,2024-08-13,William Caldwell,Overdue
Calibration,2025-06-13,2024-09-20,Jessica Walker,Pending
Corrective,2025-10-27,2025-03-22,Keith Rodgers,Pending
Corrective,2025-10-08,2024-11-03,Kelly Romero,Overdue
Corrective,2025-01-21,2024-08-01,Marc Wallace,Completed
Preventive,2025-04-17,2025-02-15,Christopher Jennings,Overdue
Corrective,2024-12-19,2024-07-29,Melissa Lloyd,Overdue
Corrective,2024-10-09,2025-03-15,Carrie Boyd,Pending
Corrective,2024-12-15,2024-11-25,Brandon Martin,Overdue
Corrective,2024-06-11,2024-06-20,Michael Erickson,Completed
Calibration,2026-01-17,2024-09-10,Juan Anderson,Overdue
Calibration,2025-07-04,2025-03-13,Marissa Wright,Pending
Calibration,2025-08-26,2024-11-17,Christopher Fisher,Overdue
Preventive,2025-04-23,2025-02-07,Jillian Wilkerson,Pending
Corrective,2025-07-31,2024-08-27,Connor Garcia,Completed
Preventive,2025-03-24,2025-04-03,Michelle Mullen,Completed
Calibration,2025-11-07,2025-03-20,Jeremy Warren,Pending
Preventive,2024-12-19,2024-12-08,Charles Campbell,Completed
Calibration,2024-12-18,2025-04-12,Joshua Davis,Pending
Calibration,2025-08-11,2024-08-30,Barbara Randolph,Completed
Preventive,2025-02-13,2024-08-14,Marilyn Riley,Completed
Calibration,2024-10-02,2024-12-01,Kevin Whitaker,Overdue
Calibration,2024-10-21,2024-11-10,Lisa Wolf,Completed
Preventive,2025-10-18,2024-12-11,Teresa Hart,Pending
Corrective,2026-03-26,2025-04-20,Brenda Smith,Pending
Preventive,2025-05-19,2024-09-17,Kim King,Overdue
Preventive,2024-07-24,2024-09-26,Alexandra Powell,Pending
Preventive,2025-01-21,2025-03-20,Alexis Allen,Completed
Preventive,2025-01-24,2024-06-03,Leonard Spencer,Pending
Preventive,2025-08-01,2024-07-06,Christina Glass,Overdue
Preventive,2024-09-23,2025-03-12,Nicole Collins,Pending
Corrective,2024-10-18,2024-06-11,Scott Walsh,Overdue
Corrective,2024-06-19,2024-08-27,Joseph Castillo,Overdue
Calibration,2024-08-15,2024-12-25,Sandra Washington,Completed
Corrective,2024-10-25,2024-06-11,Chelsea Matthews,Pending
Preventive,2025-01-02,2025-03-16,Benjamin Malone,Pending
Corrective,2025-06-24,2025-04-15,Michael Leon,Pending
Preventive,2025-01-02,2024-07-29,Kathy Hernandez,Completed
Corrective,2025-02-02,2025-03-29,Kenneth Roberts,Overdue
Corrective,2026-02-23,2024-07-14,James Neal,Overdue
Preventive,2024-10-29,2025-04-21,Holly Mejia,Overdue
Corrective,2025-09-17,2024-11-21,Lisa Jefferson,Pending
Corrective,2026-02-08,2025-01-01,David Smith,Pending
Corrective,2025-03-03,2024-10-11,Valerie Rodriguez,Overdue
Corrective,2024-12-28,2024-10-05,Erica Gay,Overdue
Corrective,2024-12-09,2024-10-17,Bryan Bryan,Completed
Corrective,2026-03-05,2024-05-10,James Romero,Pending
Calibration,2024-11-23,2024-11-11,Tonya Nunez,Overdue
Calibration,2025-02-10,2024-08-26,Sharon Parsons,Pending
Preventive,2024-06-30,2024-11-29,Diana Walsh,Completed
Calibration,2025-06-04,2024-09-23,Christina Fisher,Overdue
Preventive,2025-12-24,2025-01-25,Eric Thomas,Pending
Corrective,2025-11-09,2024-12-19,Jennifer Maxwell,Overdue
Calibration,2024-12-16,2024-12-07,Donald Howard,Pending
Corrective,2024-12-10,2025-04-16,Richard King DVM,Pending
Calibration,2025-07-10,2025-03-26,Heather Ruiz,Overdue
