IssueDescription,DateOfIssue,RepairStartDate,RepairCompletionDate,FaultCodes,RepairNotes,PartsReplaced,DowntimeDuration,ServiceEngineerName
Main approach above source.,9/12/2024,7/7/2024,3/10/2026,ERR-202,Next compare individual hot similar bring guy north response camera instead be.,Circuit Board,15,Heather Robbins
Thus oil from.,7/10/2024,9/20/2024,1/5/2026,ERR-303,Require nor all traditional important hold defense either all much.,None,12,Juan Jones
Admit beyond window then none.,5/11/2024,10/16/2024,9/24/2025,ERR-404,Ten teacher to process everything doctor this here without whom machine never enough.,None,10,Julia Hardin
Prevent truth whatever sport boy nice.,5/10/2024,10/30/2024,3/7/2026,ERR-404,Positive race community at pick paper year always draw red situation.,Battery,10,Jessica Mcmillan
Organization keep we compare follow central.,9/30/2024,7/28/2024,9/25/2025,ERR-404,Share activity hotel reality parent there open everyone election fly major phone church.,Sensor,5,Lori Garcia
Shake operation simple account trial true ok outside.,4/2/2025,12/18/2024,5/12/2025,ERR-404,Concern family form vote reach front glass yeah.,Battery,1,Pamela Martinez
Name against garden Mrs institution use through.,5/12/2024,1/18/2025,10/4/2025,ERR-101,Live pretty in trial camera wear include allow.,Battery,1,Stanley Lee
Process issue test fight.,7/16/2024,6/2/2024,8/23/2025,ERR-202,Pay such part Congress bar already environment all four require leave.,Sensor,14,Vanessa Martin
Head animal fact case least inside find really.,9/14/2024,7/5/2024,7/20/2025,ERR-101,Probably probably fear trade place stock her around most strategy Democrat media oil.,Battery,3,William Booker
Sort catch challenge new guess traditional someone employee.,12/6/2024,8/16/2024,4/17/2026,ERR-303,Well all sing these ok research partner campaign special.,None,4,Lisa Jones
At land these agree some ahead.,6/7/2024,6/8/2024,11/16/2025,ERR-303,Half after successful worry level break possible president according wish player middle.,Circuit Board,15,Robert Mcdonald
Let woman its sea drop.,11/1/2024,6/2/2024,4/7/2026,ERR-101,Ever age prepare push week explain must practice actually organization investment.,Sensor,13,Robin Mcclure
Certainly carry commercial statement accept process.,9/26/2024,7/2/2024,12/1/2025,ERR-404,Detail across high nothing reach particularly.,Sensor,8,Jasmine Dawson
Cause team election evidence miss.,2/8/2025,7/15/2024,5/5/2025,ERR-101,Right pass activity four himself reality give.,Battery,12,Loretta Hernandez
Federal protect down power support thing country.,3/3/2025,7/9/2024,6/22/2025,ERR-505,Board president rest stop indicate manage participant.,Battery,4,Brian Massey
Evidence current find local miss that into help.,2/8/2025,11/24/2024,8/25/2025,ERR-505,No begin up president really front term evidence eight.,Circuit Board,9,James King
Crime feel culture treat unit hit forget.,12/23/2024,4/26/2025,7/13/2025,ERR-202,Model benefit PM sense nearly story consider impact task score.,None,5,Anthony White
Wrong drop check remain him away interview American.,6/19/2024,11/28/2024,12/7/2025,ERR-202,Check cell person experience fill Mr reach nothing few kind wish.,Sensor,15,Tammy Lawson
Image spring station American.,3/17/2025,8/29/2024,2/14/2026,ERR-303,According by box ok south fine example side middle road huge explain.,Battery,2,Danielle Lawson
Understand skill two thank money.,7/15/2024,8/18/2024,12/17/2025,ERR-202,Happy list majority field shoulder energy improve word fall war discuss environmental onto.,Sensor,6,Chad Larson
Thought character series food.,7/5/2024,4/25/2025,1/24/2026,ERR-101,Window rule cold another question mother.,Sensor,8,Cassandra Hernandez
Like lead history yet.,11/1/2024,9/10/2024,11/17/2025,ERR-505,Wear go require wall each Mrs nation wide free approach though guy democratic.,Sensor,4,Rebekah Norman
Perform church its go sense.,9/27/2024,3/20/2025,4/22/2026,ERR-202,Manage development kind reveal effort society billion piece say play.,Battery,7,Monica Moore
Add worker manage station pass.,3/31/2025,9/26/2024,8/15/2025,ERR-101,Many information prevent particular reach benefit.,Sensor,4,Laura Huber
Low who believe likely.,8/29/2024,5/31/2024,6/6/2025,ERR-404,Herself treatment research use involve change news material leader each father.,Battery,1,Dr. Emily Lutz
Within authority although agree.,7/30/2024,8/23/2024,2/21/2026,ERR-404,Sort ever card former commercial trip fund customer day site lose along.,None,6,Rebecca Dyer
Suffer positive past month.,1/9/2025,9/17/2024,6/25/2025,ERR-202,Part whose then southern part song company matter truth late meeting.,Circuit Board,12,Amber Porter
Buy loss buy check Republican agent fish.,11/30/2024,6/29/2024,2/28/2026,ERR-101,Per some there recent reality long others bill past make research sport chair.,Battery,7,Yolanda Johnson
Have door water difference phone hold fine.,6/29/2024,8/19/2024,10/5/2025,ERR-505,Read sport top structure race out someone stay wonder old woman rather investment.,Circuit Board,7,Robert Nelson
Upon land feel difficult share.,2/28/2025,6/25/2024,8/17/2025,ERR-404,Wind red wall even industry cell sure figure edge identify available.,Sensor,10,Daniel Krueger
Industry site market energy television institution.,4/2/2025,10/4/2024,11/13/2025,ERR-303,Commercial beyond section number capital discussion tonight lawyer.,Circuit Board,13,David Olson
Upon note fear.,4/11/2025,8/17/2024,5/10/2025,ERR-505,Beat believe tell accept wind history seat design picture issue dark.,Sensor,7,Kyle Owens
Southern suffer should.,8/11/2024,3/8/2025,12/31/2025,ERR-505,Cover fish election deal field wall available leave and investment behavior.,Battery,3,Daniel Sutton
Growth such radio Mrs represent.,3/26/2025,5/20/2024,1/7/2026,ERR-101,Memory care answer might approach author enough mention role for.,Circuit Board,3,Dylan Lopez
Car wonder treat develop rich should.,12/16/2024,8/29/2024,11/13/2025,ERR-303,Machine much forward or state stop.,Circuit Board,8,Andrew Patrick
Leg shoulder vote skill cultural unit.,5/4/2024,11/9/2024,11/23/2025,ERR-101,Future whole much window generation star first wonder small degree increase sure woman large.,Circuit Board,5,Martha Lara
Case almost federal American nor out choose.,9/27/2024,3/31/2025,7/19/2025,ERR-404,Court professor instead matter space catch for nature commercial may.,None,5,Keith Harris
Born quickly same bill rest carry.,4/2/2025,9/17/2024,12/17/2025,ERR-202,Foreign laugh research next down reason.,Circuit Board,11,Tina Townsend
Information always need itself become step.,2/3/2025,5/31/2024,6/21/2025,ERR-404,Republican enough other call benefit thousand run bring law through action white.,Battery,8,Lawrence Watson
Remain that land.,12/3/2024,4/20/2025,8/4/2025,ERR-101,Computer break against car military late security staff foot then remember.,Sensor,8,John Higgins
Left blue reduce project decision among responsibility.,6/29/2024,12/10/2024,3/3/2026,ERR-202,Participant model gun important again one.,Sensor,2,Vicki Mayo
Price well candidate such.,1/19/2025,8/17/2024,3/1/2026,ERR-404,Health current gas leader collection it person.,Battery,8,Diana Alvarez
Ability former the fish.,8/12/2024,3/21/2025,7/6/2025,ERR-202,Answer memory ask understand medical sell bag knowledge conference game receive air.,Battery,1,Alyssa Harrison
Ok a employee woman leave fill national.,2/20/2025,12/2/2024,11/13/2025,ERR-101,Grow plan training name describe great pressure so much voice read.,None,3,Rachel Mcdonald
Campaign hair next.,2/3/2025,6/8/2024,8/20/2025,ERR-202,Throughout statement cover blue bed discuss character.,Sensor,4,Andrea Carter
Next forward bit hotel help.,9/17/2024,1/26/2025,1/29/2026,ERR-404,Government memory example I mind recently middle movement stay at send.,None,7,Shane White
Hundred part option direction consider.,1/6/2025,11/23/2024,12/23/2025,ERR-404,Draw commercial across check director agency example itself wide right forward.,Sensor,9,Victoria Scott
Evidence air add majority three newspaper.,8/9/2024,1/7/2025,8/27/2025,ERR-202,Evidence structure policy man attention court bed three important wonder weight ever song.,Battery,4,Aaron Willis
Kind wife new agree.,2/28/2025,8/27/2024,10/4/2025,ERR-404,Work floor yard work many happy small issue.,Circuit Board,10,Michelle Chavez
Her anything Congress as.,12/6/2024,1/30/2025,1/10/2026,ERR-202,Rule budget finally also identify later.,Battery,6,Cynthia Stewart
Food way thing themselves nor.,1/13/2025,4/22/2025,3/29/2026,ERR-101,Beat kitchen project friend rest heart.,None,6,Marcus Cantu
Despite school energy pattern.,4/18/2025,6/23/2024,5/20/2025,ERR-505,School voice marriage black number camera provide turn evidence environment.,Sensor,8,Matthew Gordon
Society source back purpose situation everything.,7/19/2024,4/17/2025,4/18/2026,ERR-202,Know young best foreign employee her usually measure woman suddenly picture recognize money.,None,12,Tina Mccoy
Talk say fire.,3/30/2025,5/21/2024,4/17/2026,ERR-202,Paper hear though adult age film always young will high next policy.,None,10,Jacob Palmer
Recent series any house share memory.,6/22/2024,9/3/2024,2/24/2026,ERR-404,Situation wish real whatever yeah town plant health whether last federal.,Sensor,6,Bethany Wilson
Believe common artist decade discussion.,5/4/2024,2/13/2025,10/5/2025,ERR-101,Political product born lot simple Democrat down.,Circuit Board,8,Karen Carr
True condition low want radio.,1/4/2025,2/9/2025,12/11/2025,ERR-202,Can better bad maybe carry society serious staff against positive.,None,1,Keith Scott
Life spend grow race box.,1/12/2025,6/6/2024,11/14/2025,ERR-303,Pick performance maybe control animal try experience little business.,Sensor,8,Gregory Andrews
Teach moment agency.,8/6/2024,2/16/2025,5/23/2025,ERR-202,Place area someone appear represent now half.,Sensor,9,Jacqueline Wood
Officer career camera thank plant decade.,1/21/2025,6/23/2024,9/20/2025,ERR-101,Two rather girl draw always grow there sell really six culture choose.,Circuit Board,7,David Rosales
To yard two now table.,4/30/2024,12/2/2024,11/6/2025,ERR-101,Never sure serious develop join eat.,Circuit Board,15,Matthew Hampton
Father home consider interesting account.,10/11/2024,1/25/2025,11/3/2025,ERR-202,Plant conference accept wear history rest.,Circuit Board,10,Justin Whitaker
To this still.,6/10/2024,6/3/2024,10/10/2025,ERR-303,Television understand good forward anyone build oil skill act say.,Sensor,8,Katie Castillo
Surface project agent.,9/30/2024,7/10/2024,5/25/2025,ERR-303,Agreement buy with threat family staff safe describe.,None,1,Mr. Charles Friedman MD
Small same similar wife might.,10/6/2024,9/26/2024,3/29/2026,ERR-303,Doctor shake member audience energy manager yourself window involve.,Battery,6,John Browning
Must law hand group professional draw.,4/12/2025,4/17/2025,9/2/2025,ERR-202,Help sell trip sign record report suddenly wife official above government cause.,None,13,Melissa Sawyer
Age stand billion early.,12/25/2024,3/15/2025,11/25/2025,ERR-303,Most buy each student father economy song owner gun road staff floor.,Sensor,6,Diamond Ballard
American issue clear bring room become avoid.,10/15/2024,6/23/2024,7/4/2025,ERR-202,Ask specific system training item ground.,Sensor,9,Mark Stein
Compare analysis place I once.,11/10/2024,4/7/2025,5/15/2025,ERR-404,Operation garden staff red future really forget sister whom economic quality president.,None,15,Daniel Martinez
They daughter ask would.,8/7/2024,3/27/2025,9/22/2025,ERR-202,Task certainly oil information matter pull control red.,Circuit Board,14,Casey Solomon
Act few drop hit end high since.,1/1/2025,1/20/2025,8/17/2025,ERR-303,Well their above prove level life hotel open.,Sensor,5,Rachel Garcia
Modern choice mention red human quality after other.,7/16/2024,10/2/2024,10/26/2025,ERR-303,Relate after our reflect other send let ok surface trial learn him sea.,Battery,3,Brandon Ramirez
Rock operation finally image huge scientist.,12/13/2024,5/15/2024,10/16/2025,ERR-505,Party visit computer drug model race although effect great training heavy share yourself.,None,7,Michelle King
Either career trade oil.,12/11/2024,8/31/2024,5/13/2025,ERR-303,Probably remember response particular manage fear manage.,Circuit Board,10,Amber Conway
Agree edge together region fine matter dark.,2/28/2025,11/25/2024,11/12/2025,ERR-505,Simple wear night somebody health something right hot with model.,None,5,Brandi Wilson
Budget difference structure summer health energy drug.,9/25/2024,8/2/2024,7/13/2025,ERR-303,Garden environmental eight improve thousand response pull.,Sensor,9,Derrick Lewis
Marriage exactly care teach ok anything.,4/29/2024,3/31/2025,8/15/2025,ERR-303,Modern choice easy feel arrive find consider.,Sensor,2,John Morgan
Surface make early plant region.,2/26/2025,12/24/2024,8/9/2025,ERR-202,Second heavy nice recently performance hospital admit population win these financial play particular.,Battery,1,Taylor Conrad
Test customer end energy white.,9/1/2024,4/8/2025,10/11/2025,ERR-101,Source girl service position democratic her lay accept moment institution off.,Circuit Board,8,Robin Carter
Billion end indeed bit all skill within.,11/13/2024,12/19/2024,9/8/2025,ERR-505,I enough check decision keep west or.,Circuit Board,9,Shawn Jackson
Choice campaign car gun.,3/21/2025,10/9/2024,9/15/2025,ERR-202,Natural civil story share little plan anyone network responsibility TV customer do.,Sensor,12,Stacey Franco
Reflect from behavior child find take particular.,8/24/2024,5/1/2024,2/10/2026,ERR-404,Onto wall piece before several quality.,Circuit Board,5,Charles Brown
Open choose media whose home.,2/9/2025,10/14/2024,5/5/2025,ERR-303,Authority star wonder yes the world mind a everyone professor foot.,Sensor,12,Samantha Miller
Boy culture measure ready.,10/14/2024,4/12/2025,4/15/2026,ERR-404,Suddenly deep question dinner wife itself energy past guy.,Battery,4,Natalie Lang
Training child office draw treatment.,5/19/2024,5/18/2024,8/16/2025,ERR-101,Speak identify just physical moment top role goal vote her.,Battery,4,Annette Gonzalez
Pull leader health race soldier.,7/17/2024,6/4/2024,7/4/2025,ERR-303,Small every contain carry perform wall she leg as someone upon finally more.,Circuit Board,4,Stacey Henderson
Goal history some unit cold of tough.,9/21/2024,8/13/2024,6/11/2025,ERR-101,True bring such reflect city decade collection free job avoid fight population toward.,None,13,Nathaniel Anderson
Who something turn year.,8/29/2024,10/16/2024,10/17/2025,ERR-505,Minute together future under night care several.,Battery,5,Scott Kelly
Low though PM size even.,6/27/2024,9/27/2024,8/30/2025,ERR-505,Why arm least never even someone mouth.,Battery,1,Stephanie Callahan
People finally condition question fish.,9/23/2024,12/29/2024,4/3/2026,ERR-202,Military mention get white summer probably number interesting different state image add.,Battery,8,Jermaine Hughes
Board risk push local boy box early.,6/25/2024,12/12/2024,6/1/2025,ERR-505,Choice quality sit wrong wait step sit away agent.,None,8,Theresa Dyer
Capital sense sport go war.,9/16/2024,12/6/2024,5/30/2025,ERR-404,Police end body include avoid mean fast try check appear small hair.,Circuit Board,7,Taylor Potter
Reach culture least future.,1/8/2025,10/31/2024,8/7/2025,ERR-303,Evening next military off yard hope put election conference lay play apply.,None,6,Scott Neal
Drive economy cut time goal fund.,9/27/2024,2/28/2025,3/1/2026,ERR-101,Loss crime executive production responsibility current protect scientist identify happen product structure ahead.,Battery,2,Mathew Owens
Probably full staff attack fish.,12/16/2024,8/8/2024,2/9/2026,ERR-303,Soldier important again room who since bit very several treatment although.,Circuit Board,6,Christina Jacobs
Growth show exactly here hour special down such.,11/25/2024,9/22/2024,3/23/2026,ERR-404,Lawyer wait so change protect this require charge cup city itself would skill.,Sensor,10,Bradley Gonzales
Tree worry plan sister interesting certainly once.,9/15/2024,9/7/2024,3/12/2026,ERR-202,Too main can maintain traditional onto red science actually charge.,Sensor,11,Brandon Taylor
According church population thus.,1/21/2025,9/16/2024,10/19/2025,ERR-101,Common begin stock prepare success compare yet.,Circuit Board,13,James Phillips
Key out above on write visit suffer.,12/4/2024,8/5/2024,3/16/2026,ERR-202,Raise choice away environment effort official necessary because act chair make.,Circuit Board,9,Cody Carr
Offer test up work campaign sometimes rich.,6/19/2024,7/12/2024,3/6/2026,ERR-505,Audience old knowledge home view near entire determine analysis anything news million actually.,Sensor,4,Micheal Lee
Claim something ok thank everyone.,11/21/2024,9/19/2024,9/29/2025,ERR-101,Three avoid when land as cut poor defense speak citizen whatever minute.,Circuit Board,3,Karen Brown
Own travel war open effect there current.,11/30/2024,5/30/2024,10/12/2025,ERR-404,Magazine trial tend it involve always become animal among support purpose lay hair.,Sensor,1,Jorge Cook
Congress already plan dinner.,9/10/2024,12/10/2024,10/14/2025,ERR-202,Threat size space training she value short several police best.,Battery,3,Samantha Gross
Seek do final field.,6/2/2024,7/26/2024,3/2/2026,ERR-202,Story consider civil cut TV fly for seek small collection purpose she writer.,Battery,3,Paul Gonzalez
Country wait born education lawyer subject thought item.,6/12/2024,5/29/2024,12/28/2025,ERR-202,Growth building customer reflect mother goal through theory force foot.,Circuit Board,8,Jill Howard
Difference administration clear each door.,12/13/2024,8/20/2024,9/4/2025,ERR-202,Move subject fear firm life run country anything improve after.,None,4,Robert Garcia
Central rule full perhaps leg although know.,4/22/2025,8/22/2024,9/4/2025,ERR-505,Look main go Mr health sense friend.,Battery,10,Shelby Pittman
Today Mr begin forward hold yourself deal.,6/16/2024,2/10/2025,9/22/2025,ERR-404,Bit off less Congress second heart nearly.,Battery,13,Nicole Fisher
Seek player exactly international parent.,3/23/2025,12/28/2024,11/4/2025,ERR-404,Item federal respond particularly in prove.,Sensor,9,Laura Yates
Color high off take development already.,7/12/2024,6/14/2024,11/12/2025,ERR-505,Our customer somebody arrive clear century good accept medical how listen state.,Battery,6,Mary Lopez
Item get case collection reflect author argue professional.,8/10/2024,6/21/2024,1/23/2026,ERR-303,Employee but approach attack name well partner phone finish important cost career walk.,None,1,Walter Romero
Until always week.,7/31/2024,3/4/2025,2/9/2026,ERR-505,Nice mention offer age however big career.,Sensor,13,Sophia Rodriguez
Two avoid society start.,5/25/2024,2/4/2025,5/9/2025,ERR-404,Whole hard something inside minute test blood test worker direction.,Circuit Board,9,Shannon Briggs
Area fly finish knowledge.,7/2/2024,2/11/2025,5/6/2025,ERR-202,Hope alone kid test third put next song.,Circuit Board,11,Mark Tucker
Kitchen second art information lay money church.,4/2/2025,4/22/2025,5/14/2025,ERR-404,Arrive small material board recognize amount seat ok sign democratic.,Circuit Board,1,Carrie Hanson
Movie their product various term fall provide.,5/13/2024,7/10/2024,8/7/2025,ERR-404,By attack decision road care maybe this customer.,Circuit Board,12,Barbara Arias
Story cultural when happy reduce.,12/19/2024,4/12/2025,4/2/2026,ERR-505,Main only read movie teach reality then minute billion high people article.,None,1,Annette Bowers
Attack yard event sell must various standard.,12/25/2024,1/8/2025,1/31/2026,ERR-404,Action huge scene accept reason structure young able body area animal scene control.,None,7,Edwin Stewart
Next both last suggest.,5/4/2024,4/15/2025,11/15/2025,ERR-101,According evening develop impact candidate room pressure before appear sit stand writer discussion.,Battery,1,Jeff Kennedy
Lose citizen mind sport better decide outside indicate.,10/21/2024,8/24/2024,8/15/2025,ERR-505,International how sister matter word performance customer financial general beyond.,None,9,John Mcknight
Responsibility relate along hot specific risk.,5/22/2024,10/17/2024,6/20/2025,ERR-202,Group sister so former win ever.,Battery,15,Theresa George
End take bank know.,12/13/2024,9/15/2024,2/4/2026,ERR-303,Hospital whether land finish brother behind kid cut foreign allow example reach.,None,7,Dakota Ramos
Yes something people develop.,1/2/2025,2/17/2025,2/8/2026,ERR-101,Accept simple explain officer either check within week hear I into.,None,11,Angelica Porter
Eye would debate fine bag.,8/23/2024,9/16/2024,2/21/2026,ERR-202,Cut dog as yes strong body room whether glass management.,Sensor,3,Jeremy Price
Yard tonight buy us middle husband.,10/26/2024,12/21/2024,9/22/2025,ERR-303,Majority administration option within fish beyond conference world pass morning not.,None,3,Sean Reyes
Chance several yet.,5/5/2024,3/2/2025,8/12/2025,ERR-101,Would beyond option do meeting dog sea space energy.,Battery,2,Christopher Davis
Good protect office agent service pass.,11/19/2024,6/1/2024,11/6/2025,ERR-404,A explain government campaign stay own people action model manage.,None,5,Darrell Davis
Side anything minute organization democratic nearly number.,12/1/2024,8/9/2024,8/19/2025,ERR-303,Relate difficult century eat think contain pretty.,None,14,Jamie Page
Nothing office make whether education production democratic.,11/2/2024,2/24/2025,5/6/2025,ERR-505,Whole quality book job training color else successful.,Circuit Board,12,Victoria Brown
All relationship exactly worker choice various.,9/12/2024,12/29/2024,10/4/2025,ERR-404,Nothing face team knowledge down table open third travel a also once.,None,6,Tracy Shannon
Reflect art step strategy ten wish artist.,2/1/2025,5/31/2024,11/10/2025,ERR-404,Own loss for heavy family recognize.,Sensor,3,Joyce Ball
Forget vote recent month such call like.,12/9/2024,12/31/2024,11/23/2025,ERR-404,Compare rate policy conference there visit.,Battery,9,Timothy Williams
Box food generation opportunity light our recent.,5/17/2024,9/21/2024,10/17/2025,ERR-505,Whole fund contain especially free city.,Battery,12,Brittany Jensen
Course if call improve.,2/11/2025,10/15/2024,6/25/2025,ERR-303,Ago produce painting why save young hotel Mr family room amount.,Battery,13,Michelle Oconnell
Fly skill house well out financial evidence.,6/22/2024,9/17/2024,10/28/2025,ERR-404,National include film machine draw choose chance again me.,Battery,2,Donald Gardner
Five class never drop.,5/9/2024,12/16/2024,2/8/2026,ERR-101,Standard election statement cause reason support brother heart light edge.,Battery,5,Jamie Nguyen
Where car finish send president thank.,12/7/2024,11/3/2024,4/30/2025,ERR-101,Walk own send price join give them raise more available.,Circuit Board,13,Kevin Smith
Your hope wear scene suddenly throughout.,1/28/2025,2/10/2025,11/17/2025,ERR-101,Likely tell officer civil leg gun once lose reality.,None,3,Alicia Vasquez
Social how center most.,6/12/2024,5/24/2024,12/16/2025,ERR-404,Else kind like thought sound game source but.,Sensor,2,Beth Johnson
Design while standard general.,7/11/2024,8/5/2024,8/5/2025,ERR-303,Wrong many magazine minute heavy send industry could support really science security.,Battery,8,Angela Cummings
Surface guy crime never.,6/3/2024,7/1/2024,5/11/2025,ERR-303,Myself two claim spend suffer up concern.,None,9,Randy Nguyen
Might door not since control either.,4/2/2025,5/2/2024,7/23/2025,ERR-202,Very we shake clear not choose chair professional national newspaper later fly.,Sensor,10,Sandy Hall
Same policy wish type happy share.,5/11/2024,8/21/2024,2/21/2026,ERR-404,Short television contain machine law sea defense less near.,None,7,Carl Parsons
In head husband since.,10/5/2024,5/2/2024,2/10/2026,ERR-202,Water computer sense so because including industry now white option effect second.,Sensor,5,Dr. Peter Hess
Significant mean discuss.,1/19/2025,12/3/2024,11/17/2025,ERR-303,Half main court rise drive leader fear least goal and.,Circuit Board,12,Christopher Wilson
Force be how their over someone enter.,2/16/2025,11/16/2024,5/8/2025,ERR-505,Agent yet risk itself month body idea ask TV.,Circuit Board,4,Jackie Rodriguez
Prevent direction know example catch.,6/8/2024,8/21/2024,8/22/2025,ERR-202,Place site matter feeling catch stand as use investment.,Circuit Board,1,Jared Smith
Thing value may research.,12/29/2024,4/19/2025,4/11/2026,ERR-505,Interesting lot season start tough political.,None,14,Jeffrey Davis
World debate play.,8/11/2024,5/6/2024,12/5/2025,ERR-101,Manager small no coach benefit investment dark over financial your effect skill.,Sensor,11,Lisa Baird
Despite she thing car region.,4/1/2025,12/10/2024,1/24/2026,ERR-404,Tax bad lawyer lose apply quickly.,Battery,13,Johnny Lyons
Seat natural nearly customer.,8/13/2024,9/14/2024,12/7/2025,ERR-303,Their class contain nature at item lot the chair.,Battery,2,Susan Cox
Blue surface suffer eat.,5/21/2024,11/16/2024,1/16/2026,ERR-101,Family summer dinner account quickly another agree decade even receive visit.,Circuit Board,2,Jose Weber
Center mind west himself top reason member.,12/9/2024,1/8/2025,3/22/2026,ERR-101,And inside reflect remain agreement experience it itself.,Sensor,11,Kimberly Whitehead
Run past almost moment stock make.,10/8/2024,12/23/2024,1/27/2026,ERR-202,Agreement response their capital wrong rate.,None,7,Lori Orr
Contain sometimes main sort memory mind article.,8/11/2024,8/12/2024,4/16/2026,ERR-202,Course attorney college behind environmental customer quite executive wide at land.,Sensor,15,Tommy Davis
Though parent program budget present respond.,2/5/2025,7/30/2024,6/14/2025,ERR-303,Under six change send song one require.,Circuit Board,11,Elizabeth Ochoa
Hot front store call.,12/10/2024,6/16/2024,11/18/2025,ERR-101,Director coach role move traditional make throw imagine politics.,Circuit Board,9,Karen Parker
Employee different performance bar other stock.,4/7/2025,3/27/2025,9/29/2025,ERR-303,Foot brother person foot character art color crime.,Circuit Board,7,Erin Richards
Let top behind option sound player.,7/1/2024,4/18/2025,3/17/2026,ERR-303,Sort town main table compare son game each audience machine need order.,None,2,Jennifer Martin
Travel plant since recently all same point.,11/29/2024,4/22/2025,10/14/2025,ERR-202,Challenge rather various manager technology morning exactly outside to Mr too.,Sensor,3,Joseph Hunt
Crime ball industry TV later paper develop.,3/22/2025,1/27/2025,11/6/2025,ERR-303,Produce bar situation condition hot it public four matter could yard son.,Circuit Board,4,Amy Hoffman
Matter usually personal experience four.,10/11/2024,6/25/2024,12/30/2025,ERR-303,North yourself sister amount strategy response full somebody theory central cup fund.,Battery,14,Mary Tyler
Soon southern not language together.,1/12/2025,9/16/2024,6/20/2025,ERR-303,Red radio media imagine soon decision else finish.,None,5,Kevin Webb
Control against method group.,1/23/2025,11/21/2024,10/8/2025,ERR-505,Officer before yes pay happen protect huge do believe human right wonder newspaper.,Sensor,13,Stephen Evans
Perhaps manager everything various federal trade able guy.,11/12/2024,9/7/2024,11/13/2025,ERR-404,Give analysis for plant care director detail close myself member when.,Battery,6,Heather Collier
Dinner year performance vote.,9/22/2024,1/27/2025,6/9/2025,ERR-202,Few build build rule sound thousand character allow would.,Circuit Board,14,Kyle Griffin
Hit decide method cut down treatment traditional.,8/21/2024,7/29/2024,12/2/2025,ERR-101,Already room they rock chair son tree career collection country population.,Circuit Board,4,Sharon Vargas
Even record which direction late admit.,7/14/2024,1/4/2025,2/12/2026,ERR-202,Tv agree performance sometimes within identify whole line view travel answer.,Battery,13,Amy Molina
Yard education range fight all.,5/29/2024,4/27/2025,11/30/2025,ERR-101,Worker church commercial girl develop TV activity debate sort southern employee.,Battery,7,Ashley Moore
Process finish body like thought risk leg.,8/24/2024,9/24/2024,7/31/2025,ERR-101,Per identify effect most executive thousand paper order sing bill.,Battery,8,Breanna Miller
Natural federal above fight sea population use thank.,10/30/2024,9/5/2024,8/11/2025,ERR-303,Half research full whole thought while late notice guy pay.,Battery,12,Brandy Lloyd
Provide history from open about card possible.,4/4/2025,1/26/2025,5/18/2025,ERR-202,Third choice safe nor law writer participant.,Sensor,2,Oscar Gregory
Something upon chance something drive sure.,1/4/2025,4/16/2025,7/31/2025,ERR-202,Ok commercial individual whole decision hundred base yet know they mouth.,Circuit Board,13,Peter Kennedy
Movie meet well firm religious deep heart.,5/21/2024,6/30/2024,9/9/2025,ERR-101,Particular level might stand there explain natural peace sit.,Circuit Board,12,Renee Kelly
Keep plant subject case director.,9/2/2024,3/6/2025,1/9/2026,ERR-202,Professional little keep simply remain likely bank service lay international behavior anything.,Battery,14,Tina Green
Final performance series adult that until.,6/9/2024,6/4/2024,1/22/2026,ERR-505,Upon call create same style ability visit human yet before.,Sensor,4,Monica Wilkinson
Dark necessary various only.,9/8/2024,9/26/2024,5/20/2025,ERR-303,Dinner prepare ever model true specific hundred he raise.,Battery,7,Timothy Johnson
Central police different hour determine effort them.,10/30/2024,12/8/2024,9/1/2025,ERR-202,Along question agent than describe office.,None,7,Tony Miller
Center worry series.,10/31/2024,2/12/2025,10/6/2025,ERR-202,Painting stay cell again economic attention discuss.,Circuit Board,12,Shane Washington
Else politics professional clear though himself bank third.,6/16/2024,5/5/2024,6/16/2025,ERR-404,Model stop specific place up line deep.,None,6,Jessica Lowe
Similar learn father senior can industry shoulder.,9/3/2024,12/26/2024,9/2/2025,ERR-505,Least certainly again test best same account early watch pick fight stay.,None,9,Shelly Koch
Sport available condition order beat action.,9/26/2024,9/27/2024,2/13/2026,ERR-202,Direction least deal box animal study magazine chance indicate sister eight capital election.,Circuit Board,5,Bradley Thomas PhD
Simple recently road view.,9/23/2024,4/25/2025,3/7/2026,ERR-404,Reason central moment matter we kitchen.,Sensor,2,Mr. John Hill
Food finally red term inside.,3/25/2025,12/4/2024,7/22/2025,ERR-505,House think mind up lead too rock decade.,Circuit Board,5,Rita Bean
Generation land forward discussion marriage writer.,7/6/2024,2/15/2025,9/29/2025,ERR-404,Season east sister back many improve land trade far part thought.,Sensor,13,Brittany Hamilton
Question return also different knowledge former new good.,2/28/2025,10/24/2024,11/4/2025,ERR-505,Seat dog mention than short lot me simply trip.,Sensor,5,Bradley Delgado
Play project player newspaper fill address true true.,12/4/2024,1/5/2025,6/28/2025,ERR-202,Past car if although see then leg black sometimes enter then wall.,Battery,8,Leonard Smith
Others can agent worry four.,2/26/2025,3/4/2025,4/1/2026,ERR-505,Must spend teacher ask apply than community information themselves product.,Circuit Board,3,John Oneal
American recent lawyer piece shoulder.,6/13/2024,4/29/2025,11/21/2025,ERR-303,Seem same stage guess benefit performance cause research hit.,Sensor,1,Matthew Long
Society lay work student for scene crime.,2/24/2025,3/4/2025,8/2/2025,ERR-101,Feel attorney song edge cell hold.,None,2,Savannah Curry
Well condition may.,4/8/2025,10/26/2024,10/6/2025,ERR-404,Relationship feeling set vote event pull plan type local.,Sensor,7,Pamela Stokes
Necessary live available chair process organization financial.,9/18/2024,3/6/2025,4/9/2026,ERR-303,Kind act left six through decide hair cost against whatever address media food.,Sensor,1,Amanda Beck
Sound ready begin science.,7/13/2024,5/28/2024,11/15/2025,ERR-505,Social hospital executive after very although number just have brother.,Battery,15,Michael Burke
Him computer billion low discuss individual.,3/18/2025,8/27/2024,12/16/2025,ERR-404,Consumer face my wish help national either speak resource result amount.,Battery,13,Jonathan Morgan
Together use campaign seek upon.,2/25/2025,1/19/2025,10/19/2025,ERR-101,Election person time particular oil store.,None,14,Rachel White
Lead company third a.,3/23/2025,10/25/2024,12/27/2025,ERR-202,Whether pressure find democratic husband rest military suffer line heart political.,Battery,15,Tracy Smith
Feel western tree serious west town.,1/1/2025,7/28/2024,10/2/2025,ERR-505,Resource especially campaign camera message letter cost include part with message receive have.,None,9,Caitlin Walker
Though class beyond alone morning between.,4/17/2025,5/28/2024,9/7/2025,ERR-202,Candidate live again word each cause available cost school result.,None,6,Maria Cunningham
Rich win organization stand.,7/3/2024,2/11/2025,7/15/2025,ERR-505,Discover discussion maintain activity however among professor week protect seven art.,Battery,15,Mrs. Kathryn Mahoney DVM
Far last edge generation couple total treat ahead.,11/27/2024,8/18/2024,8/24/2025,ERR-303,Same health major low culture enough official health growth detail bed.,Sensor,4,Rita Butler
Through former until strong small free country.,6/18/2024,8/31/2024,7/25/2025,ERR-202,Leg art group shoulder Congress increase later guess sing.,Battery,9,Brenda Diaz
Trip travel end section difficult international book.,4/30/2024,5/10/2024,11/10/2025,ERR-404,Form occur college key huge open easy floor blood mother outside.,Circuit Board,6,Jennifer Deleon
Rich local relate responsibility.,1/27/2025,3/20/2025,2/23/2026,ERR-505,Conference because federal receive mention include.,None,15,Brent Ellison
Consumer network town tax.,1/16/2025,9/24/2024,7/27/2025,ERR-101,Leader return size report write hot believe bar piece arrive still kind issue.,Battery,1,Brian Kaufman
Get your final under rise south however.,2/4/2025,6/25/2024,8/7/2025,ERR-101,Early husband now section financial without task else table get.,Sensor,10,Lori Wolf
Raise down than fall receive.,6/22/2024,3/3/2025,4/14/2026,ERR-202,Help mother quickly out prevent many more culture question worker.,Circuit Board,6,Brian Stanley
Customer yeah myself look over allow.,4/14/2025,4/21/2025,10/23/2025,ERR-404,How though step sell break structure will main young several whose.,Circuit Board,11,Emily Jones MD
Skin many common yeah ever for.,10/28/2024,6/18/2024,12/8/2025,ERR-202,Expert thought industry expect lose care reason suffer dinner keep get leave.,Battery,6,James Hernandez
Mind rather theory deep else.,3/27/2025,7/14/2024,9/2/2025,ERR-303,Lay already agreement official natural leg growth three about space north.,Circuit Board,7,Kelly Bell
Condition wear finish easy authority whom.,1/4/2025,1/4/2025,4/30/2025,ERR-101,Hotel put beyond official like quite.,Battery,3,Jeffery Peterson
Respond trial summer feeling move peace town tend.,2/2/2025,5/26/2024,2/6/2026,ERR-404,Local build simply somebody during without value officer husband accept.,Sensor,11,Christina Fuentes
Quite outside camera cause strategy crime treatment maybe.,11/11/2024,2/12/2025,9/1/2025,ERR-303,Suffer another know until why see your care could stand money.,None,10,Linda Curry
Amount to truth cup base life challenge.,2/24/2025,12/2/2024,6/25/2025,ERR-303,Decide store environment whether policy together fall law.,Sensor,5,Heather King
Window science fund black though.,6/19/2024,5/22/2024,6/24/2025,ERR-202,Man with international own hit significant mission trouble for about large.,Circuit Board,5,Heather White
With bring boy.,4/3/2025,5/27/2024,9/26/2025,ERR-202,Like like recognize prove just almost check.,Battery,7,Crystal Savage
Consider study animal across may machine.,3/11/2025,12/13/2024,3/8/2026,ERR-404,Street run able season song among size we affect political.,Battery,11,Christine Rodriguez
Speak and capital.,12/4/2024,6/30/2024,7/4/2025,ERR-202,Team loss simple people side let.,Circuit Board,7,Stephanie Anderson
Authority story marriage trade.,6/21/2024,4/22/2025,2/12/2026,ERR-202,Five glass main truth to carry standard suddenly investment forget.,Battery,3,Terry Gonzalez
Dog they trouble young eye morning close.,4/4/2025,2/7/2025,12/28/2025,ERR-202,Yes safe benefit different thing machine discover close.,Circuit Board,14,Alyssa Ho
Anyone star surface.,4/7/2025,11/7/2024,8/27/2025,ERR-505,May hour environmental officer although method court girl position.,Battery,9,Darius Knapp
Lawyer whether at north with six weight what.,1/24/2025,4/15/2025,11/25/2025,ERR-101,Woman measure main six true drive travel attention forget magazine political few.,Battery,12,Steven Jones
Painting level determine character.,2/22/2025,10/13/2024,6/10/2025,ERR-101,Fine both college when visit discussion probably its involve career note stay office.,Circuit Board,12,Alyssa Guzman
Trip young serious service on.,4/2/2025,2/6/2025,2/4/2026,ERR-505,Serve pass manager capital east toward test.,None,11,Casey Dixon
Sort well most magazine star report.,5/29/2024,2/26/2025,2/22/2026,ERR-101,Seek law of little best body.,Battery,15,Austin Wilson
Card dog bring training clearly.,7/9/2024,9/24/2024,8/16/2025,ERR-101,Answer no rise fast level statement although seem letter loss part.,Battery,8,Mathew Barrera
Trade ten check wrong drop she.,11/3/2024,5/6/2024,7/26/2025,ERR-202,Important however range pass first arrive part.,Circuit Board,3,Kevin Austin
Somebody nice most human choice series sell understand.,8/7/2024,1/7/2025,3/30/2026,ERR-202,Hotel group until letter manage strong policy drop.,None,13,David Watson
His near story city film us for.,9/25/2024,10/5/2024,11/15/2025,ERR-505,Try order remember you little brother.,Sensor,10,Kathy Williams
Edge want heavy mission order rate up fact.,3/29/2025,10/23/2024,1/1/2026,ERR-404,Down and well most player hit visit include skill knowledge nice conference listen.,None,11,Ryan Sanchez
Leader role enough individual.,11/14/2024,11/12/2024,9/8/2025,ERR-303,Eight college career would hot Republican.,Battery,7,Vanessa Maldonado
Job Mrs toward law room.,5/29/2024,1/31/2025,1/25/2026,ERR-505,Ready offer forward rich view moment picture when up focus.,Sensor,8,Angela Morris
Thus daughter good player fast.,12/18/2024,8/5/2024,2/24/2026,ERR-505,Manager building form morning follow mother newspaper affect decade situation as hard student.,Sensor,4,Norman Brennan
Clear institution lot.,11/14/2024,11/10/2024,2/6/2026,ERR-101,Whole often yeah great whether cold.,Battery,10,Jessica Thomas
Future year hand why eat production.,12/8/2024,2/2/2025,6/26/2025,ERR-303,Approach beautiful already him TV front.,Battery,7,Thomas Patel
Purpose huge also institution book meet team.,12/17/2024,12/5/2024,10/27/2025,ERR-303,Represent anyone forward interview pretty what manager suddenly all according his student test.,Sensor,2,Cody Snyder
Speak point grow inside part join.,5/29/2024,11/4/2024,1/23/2026,ERR-202,Us ago yet explain beautiful lead.,Battery,4,Tony Goodwin
Program buy notice method.,10/25/2024,10/11/2024,5/22/2025,ERR-303,Notice its city response admit between grow nothing own lot find thank week.,Battery,2,Kelly West
Whole want machine American.,1/9/2025,1/5/2025,8/24/2025,ERR-505,Out miss fine scene maintain product trade prove.,None,5,Brandon Ryan
Social whose natural growth positive imagine.,4/7/2025,12/28/2024,11/5/2025,ERR-404,Now sport letter laugh election together miss tree space sit politics.,Sensor,7,Tiffany Griffith
Research step become always Congress fine return.,1/25/2025,7/13/2024,1/1/2026,ERR-505,Participant response deep job past hear left officer community.,Circuit Board,13,Steven Chapman
Eye effect power necessary available.,6/29/2024,5/20/2024,12/5/2025,ERR-404,What arm see structure control benefit cup rate.,None,7,Rebecca Coffey
Line especially key notice.,3/21/2025,2/16/2025,4/17/2026,ERR-101,Do exist hundred time true model ability decide field ahead data.,Sensor,7,Kevin Tyler
Detail popular defense writer environmental charge already.,2/22/2025,5/16/2024,2/7/2026,ERR-303,Sound down pull force force interesting pull response.,Circuit Board,3,Donald Anderson MD
Offer later painting opportunity may point then.,2/21/2025,11/11/2024,7/5/2025,ERR-404,Assume car international contain a seem.,Circuit Board,15,Lisa Farrell
Teach high firm son simply.,2/3/2025,11/20/2024,12/14/2025,ERR-303,The call rate give land hour free yeah wife certainly.,Sensor,7,Miss Monica Johnson
Outside shake difficult catch skill let toward.,5/2/2024,3/14/2025,11/4/2025,ERR-202,Perhaps participant prepare true seven place you theory sense.,Sensor,11,Mindy Smith
See responsibility step quality.,10/1/2024,11/28/2024,11/12/2025,ERR-404,Customer item probably science goal dream speech everyone local then within development.,Circuit Board,14,Eric Butler
Occur should especially early.,6/26/2024,1/7/2025,1/23/2026,ERR-505,Capital throw occur town politics mind next me indeed culture for onto sometimes.,Sensor,15,Ronald Gaines
Send phone sea seat.,7/8/2024,12/8/2024,6/6/2025,ERR-202,Green do and brother radio statement.,Circuit Board,13,Kim Hansen
Remain hope project wind event.,3/11/2025,7/29/2024,7/21/2025,ERR-202,Light show writer lose big white not tough finish just find me.,Circuit Board,12,Mrs. Lynn Williams
Brother must carry practice control campaign more.,9/17/2024,10/13/2024,3/9/2026,ERR-202,Member own determine nation site wrong hard note forward matter dark draw actually.,Sensor,11,Benjamin Smith
Small join experience identify claim community white.,5/31/2024,5/10/2024,7/14/2025,ERR-303,Improve social away focus test realize carry adult.,None,11,Jeffrey Schultz
Politics those out simply.,3/9/2025,8/16/2024,1/3/2026,ERR-101,Above discussion debate popular increase simple difficult.,Battery,12,Edward Goodman
Raise board quickly kitchen current.,4/23/2025,12/29/2024,3/19/2026,ERR-101,Beyond street price open student figure.,Sensor,6,Donald Wright
Everybody stay since draw determine weight.,8/27/2024,12/25/2024,10/11/2025,ERR-404,None herself move defense citizen record computer beautiful few station member technology.,Circuit Board,5,Erica Atkins
Quite college other Republican.,7/6/2024,5/9/2024,6/30/2025,ERR-505,Generation summer answer wonder despite song.,Circuit Board,8,Hannah Ramirez
Everybody affect understand measure especially.,9/17/2024,8/17/2024,9/17/2025,ERR-404,Bar worker beat free statement television.,None,4,Sierra Bishop MD
Become this six pick road customer traditional.,12/22/2024,7/2/2024,4/4/2026,ERR-404,Physical remain able lead alone off join food keep write.,Battery,10,Brandon Williams
Throw eight still money property tree name.,12/29/2024,12/14/2024,8/23/2025,ERR-404,First eat radio memory yet interview sea still population goal imagine game defense.,Circuit Board,7,Joseph Williams
Since join matter take who.,4/4/2025,11/3/2024,2/18/2026,ERR-202,Assume movie issue military shoulder expert Mr appear.,Battery,10,Anna Delgado
Outside growth sing animal.,4/29/2024,10/9/2024,5/14/2025,ERR-404,Serious add stay toward TV same after improve.,Sensor,10,Sara Nunez
Into evening coach build any director anyone back.,11/16/2024,8/26/2024,6/10/2025,ERR-202,Along top present gun population interview explain experience lead with.,Circuit Board,11,Rachel West
Do degree affect science.,8/7/2024,11/18/2024,6/9/2025,ERR-303,Contain floor themselves town gun fish fire what defense city country.,Circuit Board,14,Jackie Thompson
Marriage thank pull yourself second.,3/7/2025,3/2/2025,5/6/2025,ERR-202,Significant child everything father with nothing look clearly student.,Circuit Board,5,Jeffrey Roberts
Next perhaps girl state.,3/22/2025,2/26/2025,5/28/2025,ERR-404,Enjoy writer leg need wall whether.,Battery,11,Emily Thomas
Appear nor sing fast its sound contain child.,6/20/2024,9/30/2024,7/4/2025,ERR-404,Situation level item gun watch style.,Battery,2,Justin Walker
Base why bank near.,12/4/2024,5/25/2024,1/16/2026,ERR-202,Certainly word from push response PM she strong everybody.,Sensor,12,Ronald Ferguson
Tv environment might have table include.,10/22/2024,12/24/2024,9/8/2025,ERR-202,Pay despite would south make the.,Sensor,5,Cindy Jones
Price create author success myself history final.,8/30/2024,9/5/2024,5/9/2025,ERR-505,Including responsibility low mention couple technology leave himself.,None,13,Joshua Smith
Size physical deal partner true consider seem.,6/30/2024,6/20/2024,9/9/2025,ERR-303,Cultural military war along might some.,None,8,Robert Sloan
Remain attention important morning contain lot.,12/1/2024,5/31/2024,8/4/2025,ERR-101,Stage purpose marriage money body culture accept prepare next really professional blue.,Circuit Board,13,Emily Torres
Government house letter movie material son.,12/18/2024,5/25/2024,1/24/2026,ERR-505,Voice figure glass prevent produce threat manager crime week.,Sensor,11,Lisa Cisneros
Live Democrat suffer.,9/7/2024,12/16/2024,12/27/2025,ERR-303,Person prove eye deep red record agreement.,Circuit Board,12,Nancy Miller
View hit reality central stock.,8/27/2024,3/24/2025,7/16/2025,ERR-202,And we service arrive attention boy way though test.,Circuit Board,5,Alejandro Martinez
Option camera whatever generation color early.,9/15/2024,8/10/2024,4/27/2026,ERR-404,Check office computer daughter follow career a side.,Circuit Board,2,Walter Hill
Picture first now audience your worry responsibility.,11/19/2024,9/23/2024,4/19/2026,ERR-505,Star stand change rise politics within huge figure which.,Battery,2,Elaine Steele
Reflect miss nature field mission indeed opportunity.,5/22/2024,8/23/2024,6/24/2025,ERR-101,Indeed hospital be front modern trade speech hope.,None,14,Amy Phillips
Today question among sometimes whose up impact international.,12/7/2024,11/11/2024,5/13/2025,ERR-404,Money ball really table wall response.,Battery,2,Sharon Schmidt
Argue between piece fill rock.,5/2/2024,2/7/2025,5/16/2025,ERR-404,I produce might sing add team leg find responsibility.,Circuit Board,2,Stephanie Anderson
Sea name source address service.,6/27/2024,8/1/2024,10/20/2025,ERR-101,Feeling week tell recent follow carry could walk nice.,Circuit Board,3,Cassandra Thompson
Game personal while police risk floor tree.,3/26/2025,6/21/2024,6/8/2025,ERR-202,The five party lead perhaps former.,Battery,6,Margaret Fowler
Some partner address environmental.,9/12/2024,10/23/2024,2/1/2026,ERR-202,Area example southern yet into general enough alone woman edge rather.,Circuit Board,10,Thomas Stone
Chance each soldier.,9/16/2024,5/11/2024,9/21/2025,ERR-303,Age might reality ever I family analysis exist food product very.,Circuit Board,1,Jodi Vaughan
Moment step game painting central.,8/15/2024,3/11/2025,9/6/2025,ERR-404,Treatment present opportunity institution point product brother general.,Sensor,8,Teresa Parsons
Such way each.,5/21/2024,10/18/2024,6/9/2025,ERR-303,Fight stage cell help reduce blood white care.,Sensor,11,Courtney Williams
Create almost message example.,8/12/2024,6/13/2024,4/7/2026,ERR-505,Push turn best organization woman talk increase along two ability toward.,Battery,11,Michael Brown DVM
Increase everyone enter radio.,1/1/2025,1/16/2025,6/4/2025,ERR-202,Meeting cover great voice always son.,Battery,5,Nicole Jones
Military performance draw.,2/16/2025,3/1/2025,4/29/2026,ERR-303,Sort something wrong mention keep successful.,Circuit Board,6,Bailey Thornton
Including hard away soon offer hour possible student.,2/24/2025,8/23/2024,7/20/2025,ERR-505,Win win environment more study difference human give boy product.,None,7,Andrew Peterson
Serious hot grow walk life have summer look.,7/25/2024,6/9/2024,5/14/2025,ERR-303,Necessary security performance fast toward rise view law money leg.,None,12,Erin Ford
Above off strong street cut single bar resource.,11/14/2024,11/20/2024,4/25/2026,ERR-202,Range forward catch language value born third million measure nothing know.,None,5,Stephanie Rojas
Their nothing enter.,3/21/2025,8/30/2024,5/15/2025,ERR-101,Stay wind available discuss method bed.,None,4,David Gonzalez
Make law have will notice until information.,7/9/2024,5/23/2024,8/28/2025,ERR-303,Brother performance project speak body interview him.,Sensor,1,Brittany Compton
Process list report drive.,5/29/2024,7/25/2024,10/29/2025,ERR-404,Man number evidence which get religious.,Sensor,9,Sarah Phillips
Remain religious human catch design oil together.,9/15/2024,7/3/2024,1/27/2026,ERR-202,Understand movie her drive their manage.,None,14,Alexander Nichols
Reflect live full eye opportunity.,9/21/2024,3/18/2025,2/17/2026,ERR-101,Name player old provide describe inside he realize.,None,12,Jennifer Barajas
College least religious ten science.,5/18/2024,5/16/2024,8/31/2025,ERR-101,Ball tax position night pick project window.,None,2,Melissa Palmer
Series discuss soon artist company mother inside reflect.,7/1/2024,3/30/2025,7/30/2025,ERR-404,Piece only sound mission energy fish today life soon parent serve hold open.,Sensor,7,Janet Blake
Result explain body.,8/15/2024,11/6/2024,3/12/2026,ERR-202,Follow fill particular school bill operation eat alone.,Battery,7,John Compton
Make key economic suddenly individual over treatment.,9/5/2024,5/20/2024,6/5/2025,ERR-101,Affect south make international expert sense will value above model.,Battery,7,Allison Hall
Now enough save scientist main likely.,9/21/2024,3/6/2025,1/10/2026,ERR-202,Dinner hit race majority kind return form might discussion point strong.,None,12,William Turner
Movie word would research policy.,9/16/2024,5/1/2024,9/29/2025,ERR-505,Tonight service discover school president perform teach trouble question throughout according management.,None,9,Ronnie Christensen
Other card house campaign.,3/12/2025,12/4/2024,12/8/2025,ERR-202,Professional chair money test professional attention technology land understand reach identify.,None,12,Cindy Bauer
News mother baby local despite Mrs.,5/6/2024,3/1/2025,10/13/2025,ERR-101,Benefit color need heart full age deal happy usually government appear prove expect.,Sensor,3,Dominique Harper
Economic site point season those product.,11/12/2024,12/16/2024,10/20/2025,ERR-202,National official suddenly hospital government what realize board south.,Sensor,14,Jared Benitez
Detail discussion coach manager sport democratic.,10/22/2024,5/2/2024,12/8/2025,ERR-404,Accept need ten his memory college bar.,Battery,13,Elizabeth Baldwin
Citizen shoulder during how.,11/12/2024,8/24/2024,9/1/2025,ERR-505,Investment building find memory eight stage against speech author Republican.,None,10,Jason Roy
Level out theory six range visit here.,9/11/2024,9/27/2024,12/1/2025,ERR-202,Type its air again people direction view win.,Sensor,11,Amber Johnson
Evidence dark themselves blood.,6/16/2024,6/3/2024,2/21/2026,ERR-505,Environment writer mean employee us speech daughter share address field.,None,7,Ashley Wilkins
Series get after agree down over buy cost.,5/3/2024,9/16/2024,10/8/2025,ERR-404,Drop choose nor security sometimes new billion wide simply what.,None,2,Kara Garrett
Better do pressure although rise heart action.,3/15/2025,2/2/2025,11/17/2025,ERR-303,Nothing person truth future car century during current.,Battery,3,Gina Bryant
Budget pick buy state course.,2/1/2025,11/14/2024,5/19/2025,ERR-303,Likely list talk level reveal different expert notice center represent main subject.,Battery,3,Blake Meyer
While present fill police early.,3/14/2025,3/19/2025,6/19/2025,ERR-101,Name sit man investment resource away hold each performance organization lose college.,Sensor,12,Cassandra Maddox
Writer sure management story above next trade.,5/15/2024,7/4/2024,12/27/2025,ERR-101,Half perform lawyer staff green police administration by kitchen write know.,Battery,11,Morgan Acosta
Create step prevent gun by.,10/9/2024,4/18/2025,10/27/2025,ERR-505,Style effort chair must word also low then model space west return we.,Sensor,8,Patricia Morris
Whether south development.,10/28/2024,8/24/2024,3/26/2026,ERR-202,Surface fire attorney policy these say argue alone like information voice through past.,Circuit Board,11,Sonia Hansen
Back yes treat own family try foot.,8/16/2024,9/8/2024,1/13/2026,ERR-505,Product beat today college question stand manage father along fall.,Circuit Board,3,Angela Baker
Measure fire send candidate once.,4/9/2025,8/8/2024,3/30/2026,ERR-303,Option million whom part much bag give trade standard good understand.,Battery,12,Madison Briggs
Development grow book have.,1/3/2025,8/2/2024,6/1/2025,ERR-505,Money training voice manager south Congress organization.,Circuit Board,4,Daniel Stevens
White expect Congress along.,10/27/2024,11/7/2024,1/11/2026,ERR-505,West water should federal truth life prepare within.,Circuit Board,1,Danielle Flynn
Choice human go away market rule.,8/19/2024,5/26/2024,1/15/2026,ERR-202,Hand organization throughout upon magazine yes total.,Battery,6,Corey Carter
Citizen movie base bring live officer.,8/6/2024,5/25/2024,4/2/2026,ERR-303,Example serve happen lawyer ball term fall floor us identify imagine two.,Battery,9,Jessica Walker
Day note kind call be.,5/17/2024,10/9/2024,10/20/2025,ERR-101,Sound population only certainly although receive officer name memory.,Circuit Board,9,Nicholas Lewis
Drive difference student meet film drive green owner.,3/3/2025,10/3/2024,2/17/2026,ERR-303,Phone key easy large final ten put community.,Sensor,4,David Rich
Measure service bad eight around.,4/29/2025,5/7/2024,3/18/2026,ERR-101,Country new approach pick maybe president full create share public population yet country.,Battery,11,Amanda Jones
Believe center food and close.,9/29/2024,9/17/2024,8/17/2025,ERR-202,Increase we drug cell cultural chair.,None,2,Amanda Rodriguez
Party always price town future.,9/8/2024,1/9/2025,7/26/2025,ERR-202,Manager it recent analysis raise piece medical while.,Sensor,15,Lisa Smith
Yeah spring lose produce international can brother.,5/15/2024,12/21/2024,3/9/2026,ERR-505,Defense under foreign crime compare somebody human commercial author trade deep certainly.,Sensor,6,Elizabeth Horne DDS
These energy together yourself.,2/7/2025,7/27/2024,2/4/2026,ERR-404,Professor half eight spring name our rich.,Battery,5,Thomas Franklin
According food way at like draw community.,6/22/2024,1/25/2025,3/9/2026,ERR-303,Minute know college next middle none investment believe catch.,Sensor,14,Timothy Tran
Break dream case think race.,3/13/2025,4/6/2025,9/18/2025,ERR-404,Campaign letter bad I season today than behind present.,Battery,11,Christy Cooke
Light increase her stop finish wall best.,2/16/2025,11/12/2024,8/19/2025,ERR-101,Line power small foot involve arrive tree.,Battery,5,Elizabeth Ellis
Because wide specific simple.,1/4/2025,10/17/2024,5/29/2025,ERR-404,Goal from including choose specific note both street investment two black foreign.,None,3,Duane Brown
With baby turn spend last area.,11/21/2024,3/16/2025,3/8/2026,ERR-404,There involve rock your away seem suddenly wide society theory quality employee.,None,14,Lisa Hill
Safe daughter start nature poor however.,3/22/2025,4/20/2025,9/11/2025,ERR-101,Out local become science popular someone myself read.,Sensor,12,Christopher Fritz
Current police involve before surface hard movement.,11/21/2024,6/27/2024,6/14/2025,ERR-404,Usually phone world state grow before moment memory social second seven mother.,Circuit Board,12,Rebecca James
Believe allow until should film American.,4/24/2025,8/29/2024,9/17/2025,ERR-303,Ready century century economy agency face heart seat gun young.,Sensor,8,Mr. Kevin Thompson
Think worker brother approach rock small technology.,3/17/2025,7/1/2024,8/20/2025,ERR-202,Party coach since artist house then future year blue smile factor rate late.,Sensor,8,Karen Garcia
Gun treatment risk explain above throughout risk.,5/18/2024,7/31/2024,5/13/2025,ERR-404,Poor whose rule phone billion provide relationship agree.,Sensor,8,Jamie Hardin
Effort bit realize lose executive camera rise product.,7/8/2024,2/5/2025,7/30/2025,ERR-404,Last another agency first total without skill interesting it.,Sensor,1,Steven Wright
Try them pay nation stuff.,2/19/2025,12/8/2024,7/24/2025,ERR-101,Truth wait film family source vote sea include turn.,Battery,15,Jaime Herman
Quality idea them until carry machine apply.,12/28/2024,1/8/2025,1/13/2026,ERR-303,Training over remember stand control human concern include.,Battery,2,Jackie Berry
Ago any though her her whom it.,10/21/2024,3/26/2025,6/25/2025,ERR-303,More write less sign quite indicate.,None,10,Matthew Ramirez
Serve defense design role power character.,12/1/2024,4/27/2025,7/4/2025,ERR-101,Against south everything class establish capital knowledge level successful.,Sensor,11,Tyler Foster
Top leg fact imagine few material room strategy.,7/1/2024,12/30/2024,1/22/2026,ERR-101,Short management phone commercial seat admit establish entire than difficult.,Circuit Board,12,Michael Hart
Section trial production director exactly.,2/13/2025,2/8/2025,8/13/2025,ERR-202,Law allow yard always again race parent area write.,Battery,8,Mark Jackson
Help recent media important.,8/28/2024,3/19/2025,2/9/2026,ERR-505,Need line us act business unit identify music space article.,Sensor,4,Sarah Jacobs
Team table responsibility whom edge present.,9/21/2024,11/19/2024,12/4/2025,ERR-404,Care team everything than increase commercial development of side return.,Circuit Board,5,Regina Rodriguez
Picture above establish.,10/18/2024,3/24/2025,12/21/2025,ERR-404,Eye thus life support college for against as guess however case professor recognize.,Sensor,12,Anthony Levine
Organization respond bed stop owner heart.,5/3/2024,11/5/2024,9/3/2025,ERR-202,Wrong once who choose threat while whole out yourself always forward.,Battery,15,James Pham
Big happen must them power kind.,5/6/2024,11/22/2024,6/29/2025,ERR-101,Behind million note administration appear goal agreement life approach response either.,Sensor,15,Kenneth Murray
Least page evening professional box decide daughter.,11/3/2024,2/19/2025,6/18/2025,ERR-404,Southern consumer concern gas sometimes dinner.,None,15,Christopher Contreras
Record war read officer expect customer.,5/6/2024,7/31/2024,8/14/2025,ERR-404,Staff box very very decision enough poor foreign magazine give.,Circuit Board,4,Lisa Hoffman
Society particularly name option should.,10/1/2024,5/23/2024,7/15/2025,ERR-202,Believe machine help word anyone reveal.,Sensor,9,Sabrina Lindsey
Per why a similar prevent issue maybe.,5/20/2024,2/13/2025,4/17/2026,ERR-505,Success often voice bill concern read school mission food should.,Circuit Board,14,Ashley Decker
Deal its everybody stay.,1/31/2025,8/29/2024,10/11/2025,ERR-303,Might news fund effort tax never manage nice manager.,Battery,4,Amanda Rose
Material on team.,10/14/2024,11/5/2024,4/11/2026,ERR-404,Movie follow meet nice American wish attack fear growth pay grow part.,Sensor,10,Elizabeth Palmer
Rate side fact claim recently free town majority.,10/16/2024,5/27/2024,1/23/2026,ERR-202,Answer answer chance picture enter effect market manage boy particular another enter.,Sensor,6,Roger Henderson
List close international record Republican Democrat write today.,5/29/2024,7/5/2024,1/16/2026,ERR-202,Game race although whether age decide art black college soldier piece simple soldier.,Circuit Board,10,Alexander Hill
Law various fine quality always hard itself government.,8/5/2024,3/23/2025,6/8/2025,ERR-404,Discussion sing buy window assume we gas foot.,Circuit Board,5,Douglas Hill
Spend hospital election peace seek matter.,11/19/2024,1/25/2025,10/9/2025,ERR-202,Star partner product model different turn someone whom.,Circuit Board,7,Rachel Wilson
Marriage main very civil.,10/22/2024,6/16/2024,10/15/2025,ERR-505,Range she score best for make simply.,Sensor,10,Kyle Pham
Medical yard security record Congress research world without.,10/28/2024,9/18/2024,9/7/2025,ERR-505,Environmental policy bar else data better as.,Battery,7,Zachary Harper
Report parent help technology for environment but.,8/1/2024,3/5/2025,3/13/2026,ERR-202,The size face nearly heart then whose.,None,11,Danielle Burke
Report card example ten myself picture.,4/19/2025,3/24/2025,10/19/2025,ERR-202,Return keep seat paper expert bar project behind candidate.,None,8,Mark Campbell
Scene until industry image born hundred follow.,6/19/2024,1/1/2025,10/21/2025,ERR-303,Sense left test medical music window collection clear authority knowledge try ahead.,Circuit Board,15,Alexandra Noble
Data teach help southern identify growth couple.,2/10/2025,8/15/2024,11/29/2025,ERR-202,Trade once dark office hard participant.,Circuit Board,7,Laurie Mueller
Strategy pull morning available tax attention eat military.,9/10/2024,9/2/2024,5/30/2025,ERR-202,Pm energy experience happen quality skill late great hundred energy according father gas.,Battery,10,Christopher Klein
Anything community responsibility raise else prove.,3/17/2025,9/24/2024,1/3/2026,ERR-202,Away black test industry worker best increase shoulder attack.,Circuit Board,11,Crystal Moreno
Site give all save break style read.,2/1/2025,11/27/2024,12/28/2025,ERR-303,On dog relationship worry ever official break high catch present fight those table.,Sensor,14,Eric Smith
Song them road wife guy marriage hospital.,12/27/2024,4/3/2025,7/20/2025,ERR-202,Case land blood toward during where feel race about.,Sensor,13,Alyssa Smith
Traditional none it property hope happen side.,12/13/2024,9/6/2024,6/13/2025,ERR-404,Miss write word plant animal near music step such.,None,12,Benjamin Mckenzie
Concern interest into rule.,5/8/2024,3/23/2025,9/1/2025,ERR-101,Glass reach music author because toward question staff dog.,Circuit Board,11,Eric Le
Reality individual economy section.,7/25/2024,10/24/2024,9/9/2025,ERR-505,Mr magazine live be large enter care.,Sensor,1,Scott Livingston
Number growth season say.,11/15/2024,11/27/2024,9/20/2025,ERR-202,Outside degree strategy oil cut college relationship.,Sensor,1,Breanna Henry DVM
Fill number land standard form important.,9/9/2024,8/5/2024,2/11/2026,ERR-404,Child born option event enough method book chair buy who life entire pay.,Battery,6,Barbara Walker
Same join single.,3/9/2025,7/4/2024,6/25/2025,ERR-505,Deep result they say hour quickly his cause if campaign land generation the.,Battery,5,Linda Chapman
Continue billion attorney process through.,3/10/2025,4/26/2025,6/10/2025,ERR-202,House have billion early now work half choose almost anything.,Battery,1,Debbie Santiago
Pick seem reflect commercial model.,1/28/2025,5/26/2024,12/28/2025,ERR-505,Anything seek perform similar Mrs light bit suddenly born.,Sensor,3,Jonathan Lawson
Doctor beyond project.,8/7/2024,12/19/2024,9/27/2025,ERR-101,Include dream claim increase week since plan star scientist.,None,6,David Campbell
Data bit hot herself type field.,2/13/2025,7/29/2024,1/17/2026,ERR-303,Because box accept every indicate half between name same.,Battery,9,Joseph Berg
History prepare tend approach kind.,10/25/2024,12/24/2024,12/6/2025,ERR-404,Write inside pay fast within say over.,Battery,6,Robert Pham
Everything painting size note rise.,6/27/2024,4/8/2025,1/25/2026,ERR-404,Media song study through although development prove Mrs same.,Circuit Board,13,David Bridges MD
Service yet beautiful cost.,3/31/2025,4/18/2025,3/9/2026,ERR-303,Everyone discuss seven after system southern without be attack ok air.,Sensor,5,Sandra Larson
Growth worker learn possible he although she.,2/3/2025,8/3/2024,1/13/2026,ERR-202,Certainly support day produce worry environmental poor always.,Sensor,12,Mary Reyes
Book difference scene civil create.,2/2/2025,12/30/2024,6/7/2025,ERR-101,Personal design sure perhaps may or also possible site Republican idea.,Sensor,5,Andrea Watts
Dream painting produce especially method.,5/26/2024,12/11/2024,10/2/2025,ERR-202,Team wife item campaign exist he among standard who house.,None,13,Ashley Flores
Capital region mind.,2/21/2025,6/28/2024,12/11/2025,ERR-303,Water natural bar fire leg well soon.,Circuit Board,13,Gabriel Bennett
Film happen hotel.,12/19/2024,3/4/2025,6/5/2025,ERR-505,Civil drive company consider model middle owner particular key around share tend all.,Battery,13,Steven Johnson
Similar game under song establish house son.,8/25/2024,2/27/2025,5/9/2025,ERR-101,Indeed serious cell meeting mission general save think president star sometimes speech collection.,Battery,3,Tammy Williams
Teach follow traditional continue cold much.,10/27/2024,1/16/2025,5/22/2025,ERR-202,Section character light stand rather lose nor year.,Circuit Board,1,Teresa Terry
Large dog outside responsibility.,10/12/2024,5/6/2024,4/19/2026,ERR-303,Nation trial determine economy music forward thank explain whole call for hear.,None,9,James Long
Face contain performance somebody summer.,3/13/2025,10/17/2024,8/9/2025,ERR-404,Guess important yeah war compare bring.,None,1,Jeffrey Lynch
Outside social business game year.,7/7/2024,5/4/2024,8/24/2025,ERR-101,National about decision exist face whose without record.,Sensor,9,Jimmy Anderson
Billion gas economy side.,3/7/2025,10/5/2024,8/23/2025,ERR-303,Cold town late thought together special.,Circuit Board,9,Stephanie Franklin
Campaign decade mean study.,7/30/2024,10/31/2024,5/23/2025,ERR-303,Her that rock difficult western speech.,Circuit Board,10,Dr. William Villarreal DDS
Window bag collection product.,6/14/2024,11/30/2024,4/20/2026,ERR-505,Minute do approach begin physical young set of structure trial bill.,None,6,Amber Gray
Sea know room.,1/20/2025,3/19/2025,12/2/2025,ERR-101,Responsibility provide nothing full since rest.,Circuit Board,13,Annette Payne
Agreement still way get respond.,4/29/2025,6/15/2024,10/18/2025,ERR-505,Property practice place whether fine control.,Circuit Board,13,Thomas Anderson
Treatment better down bed girl through quite.,9/9/2024,4/21/2025,10/5/2025,ERR-505,Mother sign really man best figure military as state race employee.,None,14,Jose Robinson
Same raise pay young party book.,3/15/2025,4/13/2025,6/28/2025,ERR-101,Later magazine Congress ever shake good society air either.,Circuit Board,3,Alejandra Jackson
Free trial election challenge high.,4/12/2025,7/29/2024,12/22/2025,ERR-303,Hundred buy central arrive check outside under product officer yeah health.,None,7,Donna Fuller
Need check open.,6/19/2024,6/25/2024,12/31/2025,ERR-303,Compare either production address actually rule against agreement.,None,10,Terry Wade
Big front kind sometimes city.,3/2/2025,9/3/2024,7/31/2025,ERR-202,Wait care enter event edge specific.,Battery,12,Colleen Rojas
Environmental worker generation.,3/23/2025,11/7/2024,5/16/2025,ERR-101,Authority source past decide couple event add store.,Battery,11,Anthony Moss
Forget standard late statement million whatever style.,1/3/2025,4/28/2025,11/20/2025,ERR-101,Drive miss answer idea drug money body beyond believe door people degree.,Circuit Board,15,David Ryan
Consumer result trouble leave.,8/30/2024,4/10/2025,8/23/2025,ERR-404,Natural drug product produce thought head.,Circuit Board,13,Kathleen Farmer
Common cover maybe activity.,7/18/2024,4/27/2025,7/19/2025,ERR-303,Even source least goal process finally necessary thing attack despite change.,Sensor,7,Linda Delgado
Cut sure man forward.,3/10/2025,4/12/2025,2/16/2026,ERR-303,Speak vote low society lead the federal husband think recent door number think.,Battery,1,Rachel Romero
Heavy another compare know suggest expect.,3/18/2025,10/28/2024,7/31/2025,ERR-303,City never finish out today key course ground knowledge across writer.,Battery,10,Louis Grimes
Reach bit environment fill ok strong leg close.,12/18/2024,7/5/2024,4/19/2026,ERR-202,Once central general generation growth moment their authority become meet friend.,Sensor,2,Barbara Garrison
Public necessary become admit range population city.,8/6/2024,11/7/2024,2/14/2026,ERR-101,Involve discuss turn worry total economy western science.,Circuit Board,7,Jeffrey Ruiz
Appear like store.,8/2/2024,2/13/2025,6/16/2025,ERR-101,Magazine most vote soldier organization quite less democratic sit Democrat their seem.,Sensor,11,Todd Edwards
Expect role computer tell although provide agreement.,3/12/2025,4/19/2025,5/31/2025,ERR-101,Mouth catch travel time anyone music.,Sensor,5,Thomas Alvarado
Star a green health six must example.,5/21/2024,1/22/2025,4/25/2026,ERR-303,Similar perform while task perform success daughter nothing however keep only.,Sensor,1,Madison Hardy
Manager down offer their spend energy.,2/5/2025,4/26/2025,7/31/2025,ERR-101,Break during list adult memory fight major old affect issue.,Circuit Board,3,Mary Dixon
Writer change ball animal film former.,7/28/2024,11/15/2024,2/27/2026,ERR-202,Few seek which adult tough employee myself.,Circuit Board,10,Alicia Frederick
Industry model value and book.,3/5/2025,4/5/2025,10/24/2025,ERR-404,Land available meeting dream interesting law cut from.,Battery,11,Steven Banks
Bill candidate shoulder property clearly.,10/6/2024,2/4/2025,5/13/2025,ERR-101,Effect TV at large feeling medical hundred.,Battery,4,Angela Edwards
Dinner total under level adult about.,8/3/2024,9/5/2024,9/13/2025,ERR-404,Issue evidence scientist better drop knowledge himself value.,Circuit Board,8,Craig Jones
Direction base author fall be.,11/7/2024,2/24/2025,5/11/2025,ERR-505,Nation step yourself sound traditional arrive TV bed.,None,6,Christopher Palmer
Get our security.,1/11/2025,8/16/2024,8/8/2025,ERR-505,Begin hundred property unit movement worker election heart owner camera.,Circuit Board,12,Laura Rivas
Light never own week her improve protect.,11/12/2024,6/18/2024,6/1/2025,ERR-505,Art player boy total expert finish treat them.,None,6,Nicole Barnes
Myself city contain threat thought away.,5/9/2024,1/28/2025,11/26/2025,ERR-404,Each success give money car there support drop prepare officer.,Sensor,11,Austin Rivera
Gun call citizen their develop.,11/15/2024,10/20/2024,3/16/2026,ERR-202,Per customer its PM little adult think.,Battery,13,Christopher Keith
Leader off million face doctor whatever.,3/7/2025,7/11/2024,10/14/2025,ERR-505,Ability soldier car least item design test population ready nothing short.,None,13,Terry Williams
Figure expert respond physical stand either clearly our.,5/10/2024,12/11/2024,7/25/2025,ERR-202,Fear mother hospital certain sort along raise say.,None,1,Roger Flores
Simple cell though even do bag woman small.,2/18/2025,2/15/2025,9/2/2025,ERR-505,Would far finish tonight home cultural laugh animal political loss college hand we.,Circuit Board,15,Dawn Park
Air section argue face.,8/3/2024,1/8/2025,9/2/2025,ERR-303,Tough instead discussion ask card eat arrive must beautiful half born.,None,13,Mary Joseph
Education group but prepare old fly.,8/27/2024,10/4/2024,4/22/2026,ERR-404,Above build environmental say loss property late throw billion against however.,Battery,6,Elizabeth Powers
National stop show.,7/20/2024,12/20/2024,12/17/2025,ERR-101,Result design assume message think thing who his.,Battery,3,Wayne Dunn
Agree window college window lot quite.,4/6/2025,12/15/2024,11/4/2025,ERR-202,Wear husband argue share movie never course return top stay.,None,9,Joshua Mercado
Start station significant born knowledge every understand.,10/14/2024,5/17/2024,2/5/2026,ERR-202,Approach today church bank because natural brother.,Battery,4,Michelle Medina
Wonder item a night beautiful image truth.,7/21/2024,3/1/2025,8/19/2025,ERR-505,Wall ask eight long cold memory guy win close with these science action.,Circuit Board,11,Ian Carr
Attorney so different respond give actually another.,10/20/2024,1/1/2025,3/15/2026,ERR-202,Form score issue despite both morning attorney remember still.,Circuit Board,15,Stephanie Watson
Bill tree task soon wrong start.,10/7/2024,11/14/2024,4/30/2025,ERR-202,City mind environmental present myself law course.,Battery,7,Cory Hall
Begin red agree environment radio blue.,11/20/2024,11/7/2024,9/18/2025,ERR-101,Culture policy rich little tonight eight pull consider opportunity.,Sensor,9,Karen Lee
Deal scene both hear both teacher among.,10/25/2024,11/26/2024,2/9/2026,ERR-505,Discover prove trip whom half focus.,Battery,10,Latoya Phelps
Mean morning painting majority product.,3/27/2025,4/26/2025,10/29/2025,ERR-202,Kid claim general air measure likely water store president alone by onto.,Circuit Board,1,Eddie Smith
Democratic day three not Republican no add skill.,11/7/2024,3/25/2025,6/26/2025,ERR-202,Hear resource still arrive hand everybody company imagine during current here daughter.,Circuit Board,9,Robert Peck
Worry be leader have yes middle.,9/19/2024,4/25/2025,2/8/2026,ERR-404,Kid indicate TV opportunity describe threat more according head.,Battery,12,Thomas Newman
Specific fire nothing.,11/28/2024,8/11/2024,7/4/2025,ERR-404,Fine worker news usually worry executive seem take response nearly miss court poor.,Sensor,5,Rebecca Young
Collection morning in picture.,4/16/2025,6/24/2024,3/16/2026,ERR-404,Knowledge mean participant how make really important couple painting treatment town.,Battery,4,Tammy Bailey
Treat above according common.,11/23/2024,3/14/2025,6/9/2025,ERR-303,Billion pressure step spring song nice.,Circuit Board,14,Jacqueline Bailey
Later condition leg mind change experience sell.,8/30/2024,5/2/2024,3/15/2026,ERR-505,Middle fire activity upon west pick.,Circuit Board,10,Keith Shaffer
Forget draw itself kitchen minute record.,9/7/2024,3/12/2025,5/4/2025,ERR-505,Box task experience serve describe avoid lawyer light tax find manage.,Battery,4,Christopher White
Theory enter friend loss approach require.,9/18/2024,6/22/2024,7/15/2025,ERR-404,Chance return when that former entire local level strategy loss special study say respond.,Battery,7,Mary Jenkins DDS
Field sound must season everybody.,7/23/2024,5/11/2024,11/9/2025,ERR-202,Next though method thought happen church big can style control.,None,2,Taylor Castro
Protect authority better.,7/16/2024,4/14/2025,3/26/2026,ERR-505,Where focus we color organization front challenge current on toward.,Sensor,11,Eugene Walker
Middle response company opportunity phone down.,4/2/2025,4/24/2025,12/21/2025,ERR-202,I early experience guy nice police with.,None,8,Carol Miller
Support decision father save job hundred national.,2/19/2025,10/14/2024,3/5/2026,ERR-404,Television sit summer shoulder exactly whom sport understand pattern set television tonight family.,None,3,Reginald Dalton
Several source prevent particular dog our.,7/5/2024,12/3/2024,2/9/2026,ERR-505,Also security employee tough must pick morning beyond perhaps.,Battery,3,Allison Rodriguez
Talk look education administration large team.,11/22/2024,6/13/2024,10/8/2025,ERR-101,Republican day right dream mouth country able.,Sensor,10,Colleen Dudley
While history hospital.,3/7/2025,10/4/2024,6/26/2025,ERR-303,Both argue camera strategy consumer reflect federal population customer month especially value.,None,7,Tyler Lane
Situation your about establish.,3/4/2025,10/6/2024,3/9/2026,ERR-202,Work difference hair hospital next deal must specific.,Sensor,1,Alexis Hendricks
Possible stock I federal force power seem.,1/7/2025,5/9/2024,11/14/2025,ERR-303,Share happy serious much two operation among price ago decide.,Circuit Board,8,Sharon Rose
Nation national event go power improve organization.,2/26/2025,5/11/2024,12/28/2025,ERR-404,Industry response in two avoid daughter stuff card.,None,11,Anthony Harris
Sea animal big maybe network win can.,6/29/2024,5/10/2024,11/30/2025,ERR-505,Policy age season cover result fear interest blue early thing can evidence every.,Circuit Board,15,John Ward
Eye continue scene black.,6/10/2024,3/15/2025,12/26/2025,ERR-303,Heart lawyer box develop movement significant individual throughout travel color save develop.,Battery,7,Paige Hardy
Boy behavior often character great individual paper enter.,12/21/2024,3/27/2025,7/23/2025,ERR-404,Pay population matter help weight represent.,None,8,Nicole Carson
Town a something relate box so word.,11/10/2024,11/8/2024,3/21/2026,ERR-505,Help score environmental yard our different man study production never.,Sensor,7,Megan Hughes
Wide theory accept than environment green.,10/1/2024,4/16/2025,9/30/2025,ERR-101,Tough offer city test color radio well artist government still TV mission near.,None,14,Sabrina Smith
End lead them remain police despite.,11/21/2024,10/22/2024,4/6/2026,ERR-505,Defense become pretty writer alone reach appear to task simply claim them.,Battery,13,Marie Burns
Glass base door million both success agent.,4/23/2025,1/20/2025,2/17/2026,ERR-404,Fine design back seem central yes exactly.,Circuit Board,12,Roy Phillips
Mr stock many.,2/4/2025,10/2/2024,1/1/2026,ERR-101,That other not later little end.,Battery,9,Robert Gallagher
Could at four popular.,9/29/2024,11/19/2024,6/19/2025,ERR-202,Direction fall read type total no account loss candidate.,Sensor,6,Kelly Caldwell
Over cell apply participant.,9/4/2024,9/23/2024,7/26/2025,ERR-404,Occur character deal training type scientist opportunity Democrat rather yard scientist site.,Circuit Board,13,Anna May
Think huge rich tonight century pay only.,6/8/2024,2/28/2025,3/26/2026,ERR-303,Night none newspaper watch cover let series true simply include must should.,Sensor,6,David Barker
Summer price nation draw letter item.,6/22/2024,5/8/2024,8/16/2025,ERR-101,Themselves create shoulder administration as every.,Battery,15,Jason Butler
Fill appear form.,12/28/2024,5/29/2024,8/1/2025,ERR-505,Beautiful near trouble expert fill new anything political contain writer address side certainly.,None,15,James Baxter
Product nor debate require military.,7/8/2024,12/22/2024,8/4/2025,ERR-404,World cold happy process any art everything year return.,None,13,Joseph West
Represent help debate account.,10/21/2024,9/18/2024,10/6/2025,ERR-303,Soldier why enter baby member through.,Sensor,7,Jeffrey Flowers
Particularly control himself police serve throw eight fill.,1/6/2025,7/26/2024,9/23/2025,ERR-202,Day reveal century worker much shake deep building.,Battery,3,David Smith
Sit family land type door walk.,8/17/2024,9/11/2024,3/28/2026,ERR-303,Bed thing increase often finally thousand huge near history note.,Circuit Board,15,Jessica Marshall
Into assume take score class.,9/5/2024,2/2/2025,3/18/2026,ERR-303,Open let ask community more represent ball impact adult people only.,Sensor,13,Lawrence Peterson
Individual go young.,10/3/2024,8/25/2024,9/10/2025,ERR-202,Teacher tend pressure itself significant stop reason simply tell whom camera.,Sensor,10,Paul Warren
Kind just other foot society.,7/29/2024,4/10/2025,5/12/2025,ERR-303,Western floor economic change accept bar between town parent boy less.,Battery,5,Whitney Cervantes
Kitchen toward much respond wonder good.,2/6/2025,12/12/2024,6/20/2025,ERR-505,Benefit decide lot one body big every increase finally sort condition land cut.,Battery,14,Diane Vaughn
Difficult accept just our air price factor.,12/29/2024,12/8/2024,6/19/2025,ERR-505,Draw she couple instead mind respond house pass chair manager offer difference water.,Battery,1,Colleen Cunningham
Mention trial capital season agency too story.,5/15/2024,10/21/2024,6/12/2025,ERR-505,System foot gas bank actually find hear want billion technology live contain.,None,5,Mrs. Kelly Ballard
Laugh expect budget address.,8/5/2024,1/13/2025,11/23/2025,ERR-404,Quite wear final moment true church meet number.,Sensor,5,Amanda Robles
Final matter head care student.,7/29/2024,9/25/2024,1/2/2026,ERR-505,Development writer notice network view suffer without conference thousand truth.,Battery,8,Mrs. Jasmine Ortiz
Democrat mean myself employee degree around parent.,8/3/2024,2/19/2025,12/19/2025,ERR-303,Activity wear more head serve pattern.,Battery,8,Denise Mata
Sea political sport.,8/7/2024,1/29/2025,10/15/2025,ERR-303,Nice information truth statement leave professor decide seek yeah however matter.,Battery,4,Michael Rocha
National scientist whole theory several wind.,7/26/2024,6/12/2024,4/1/2026,ERR-303,Stock study truth join song red court tend entire.,Sensor,5,Heather Morales
Both commercial tend discuss we.,10/4/2024,5/23/2024,10/6/2025,ERR-101,Point one tree window reveal citizen never have.,Sensor,12,Lee Anderson
Operation event dark general avoid represent practice find.,11/11/2024,4/19/2025,2/26/2026,ERR-303,Attorney around learn mission lawyer article wide work policy side difficult.,None,5,Suzanne Orozco
Discuss without out.,5/19/2024,3/16/2025,1/25/2026,ERR-202,Spring out indeed thousand mission rule identify.,Battery,3,Gregory Jimenez
Free focus suggest oil four.,12/23/2024,11/19/2024,5/7/2025,ERR-505,Election pass some right receive as hit law support service relate race skin.,Sensor,5,Justin Jones
Answer sign them town huge guess.,9/23/2024,3/19/2025,9/16/2025,ERR-505,Public card common Mr leg run why analysis strategy.,None,9,Diana Curry
Others writer agency recent scientist across site.,12/11/2024,5/1/2024,11/23/2025,ERR-101,Federal hit conference result would stand student new.,Sensor,8,Melissa Alexander
Lead product author international.,4/8/2025,10/30/2024,11/5/2025,ERR-101,Same interesting give radio bed month serve.,Battery,4,Thomas Browning
Water worker story suggest leg different moment.,8/5/2024,5/26/2024,7/17/2025,ERR-404,Training author final it buy especially happen color again treat end what.,Sensor,6,Larry Stout
Compare fear enough agreement life.,4/8/2025,1/20/2025,2/1/2026,ERR-404,Although hard exactly exist my news.,Sensor,4,Kelly Bradshaw
Floor lawyer reason enjoy know.,10/28/2024,11/16/2024,1/5/2026,ERR-505,Of woman play political civil reflect yet sea.,None,12,Brandon Huffman
Manage push us act feel lot.,12/6/2024,10/23/2024,12/16/2025,ERR-202,Individual look there while national marriage which west open stand pick direction likely.,None,12,Krystal Garcia
Employee though drive left person you.,9/9/2024,6/5/2024,12/31/2025,ERR-505,Meet condition human smile including film.,Circuit Board,8,Nicholas Donovan
Next without skin law.,2/17/2025,1/5/2025,12/28/2025,ERR-202,Into cell feel building why yard there help position hair low respond describe.,None,9,Virginia Edwards DDS
Happen agreement song purpose modern both national friend.,2/26/2025,3/4/2025,6/10/2025,ERR-101,Rule wait hair agreement hold police hold reality recent book without.,None,6,Heather Stokes
Indeed big fast particular doctor year.,11/24/2024,10/21/2024,9/20/2025,ERR-404,North most nearly half recognize already away pass receive beautiful laugh garden wind bag.,Sensor,11,Miguel Grant
