Name,Role,ContactInformation,CertificationLevels
April Cole,Engineer,(413)288-9754x9121,Hospital Certified
Daniel Brown,Admin,(756)505-0311,OEM Certified
Rhonda Wright,Admin,876.300.4777x113,ISO Certified
Sandra Freeman,Technician,606-743-7409x0879,ISO Certified
Angela Sparks,Engineer,9657856201,Hospital Certified
Dawn Mendoza,Engineer,001-728-222-9364x23037,ISO Certified
Anthony Garcia,Engineer,(977)374-4436x70786,ISO Certified
Glenn Powell,Engineer,+1-476-969-7337x857,OEM Certified
Barbara Little,Engineer,588-622-0978x784,Hospital Certified
Matthew Kennedy,Engineer,(411)471-1630,OEM Certified
Adrian Olson,Engineer,001-544-992-4059x103,ISO Certified
Jennifer Jackson,Admin,+1-574-331-7409,Hospital Certified
Kathy Randolph,Admin,(941)414-5141x33534,OEM Certified
Randy Stone,Engineer,954-990-7506x68073,Hospital Certified
Sarah Anderson,Admin,3087496762,Hospital Certified
Kenneth Robinson,Engineer,+1-395-323-1047x59976,ISO Certified
Jerry Pollard,Engineer,001-888-405-7514,OEM Certified
Christina Mitchell,Technician,+1-717-354-9822x690,OEM Certified
Teresa Smith,Engineer,001-641-970-7609x348,OEM Certified
Stephen Ortiz,Admin,001-343-266-6259,OEM Certified
